Player,School,POS,ATT,YDS,AVG,LNG,TD
Kimani Vidal,TROY,['RB'],['154'],['951'],['6.2'],['69'],['6']
Tahj Brooks,TTU,['RB'],['162'],['891'],['5.5'],['38'],['6']
Ashton Jeanty,BOIS,['RB'],['151'],['868'],['5.7'],['68'],['11']
Peny Boone,TOL,['RB'],['124'],['865'],['7.0'],['54'],['8']
Marcus Carroll,GAST,['RB'],['169'],['852'],['5.0'],['63'],['10']
Emani Bailey,TCU,['RB'],['146'],['851'],['5.8'],['74'],['2']
Jonathon Brooks,TEX,['RB'],['128'],['825'],['6.4'],['67'],['6']
Ollie Gordon II,OKST,['RB'],['116'],['816'],['7.0'],['71'],['8']
Cody Schrader,MIZ,['RB'],['140'],['807'],['5.8'],['52'],['9']
Quinton Cooley,LIB,['RB'],['139'],['802'],['5.8'],['32'],['7']
Audric Estime,ND,['RB'],['127'],['787'],['6.2'],['80'],['9']
Ray Davis,UK,['RB'],['111'],['781'],['7.0'],['75'],['8']
Omarion Hampton,UNC,['RB'],['131'],['770'],['5.9'],['68'],['8']
Kyle Monangai,RUTG,['RB'],['144'],['744'],['5.2'],['55'],['7']
Ismail Mahdi,TXST,['RB'],['98'],['726'],['7.4'],['65'],['8']
Braelon Allen,WIS,['RB'],['120'],['704'],['5.9'],['52'],['8']
Kay'Ron Lynch-Adams,MASS,['RB'],['144'],['692'],['4.8'],['47'],['6']
Antario Brown,NIU,['RB'],['115'],['676'],['5.9'],['80'],['6']
Damien Martinez,ORST,['RB'],['105'],['676'],['6.4'],['64'],['3']
Terion Stewart,BGSU,['RB'],['110'],['670'],['6.1'],['46'],['7']
Jawhar Jordan,LOU,['RB'],['89'],['661'],['7.4'],['74'],['8']
Devin Neal,KU,['RB'],['90'],['659'],['7.3'],['75'],['6']
Nate Noel,APP,['RB'],['124'],['652'],['5.3'],['68'],['4']
MarShawn Lloyd,USC,['RB'],['82'],['651'],['7.9'],['45'],['6']
Bucky Irving,ORE,['RB'],['87'],['649'],['7.5'],['56'],['7']
Rasheen Ali,MRSH,['RB'],['124'],['641'],['5.2'],['61'],['11']
Jalen Buckley,WMU,['RB'],['114'],['637'],['5.6'],['75'],['5']
Thomas Castellanos,BC,['QB'],['111'],['628'],['5.7'],['45'],['9']
DJ Giddens,KSU,['RB'],['103'],['626'],['6.1'],['43'],['5']
Makhi Hughes,TULN,['RB'],['118'],['619'],['5.2'],['31'],['5']
Kaidon Salter,LIB,['QB'],['98'],['614'],['6.3'],['43'],['7']
RJ Harvey,UCF,['RB'],['112'],['612'],['5.5'],['54'],['6']
Logan Diggs,LSU,['RB'],['105'],['611'],['5.8'],['35'],['6']
Blake Corum,MICH,['RB'],['111'],['605'],['5.4'],['54'],['13']
Jaydn Ott,CAL,['RB'],['104'],['602'],['5.8'],['66'],['5']
Carson Steele,UCLA,['RB'],['113'],['599'],['5.3'],['42'],['6']
Blake Watson,MEM,['RB'],['103'],['593'],['5.8'],['69'],['7']
Jaylen Wright,TENN,['RB'],['91'],['593'],['6.5'],['42'],['1']
Diego Pavia,NMSU,['QB'],['102'],['592'],['5.8'],['44'],['5']
Darius Taylor,MINN,['RB'],['103'],['591'],['5.7'],['43'],['4']
Nay'Quan Wright,USF,['RB'],['116'],['590'],['5.1'],['47'],['5']
Marquez Cooper,BALL,['RB'],['121'],['584'],['4.8'],['39'],['2']
Malik Jackson,JVST,['RB'],['104'],['578'],['5.6'],['48'],['4']
La'Damian Webb,USA,['RB'],['103'],['578'],['5.6'],['65'],['12']
Kairee Robinson,SJSU,['RB'],['94'],['573'],['6.1'],['35'],['11']
Byrum Brown,USF,['QB'],['130'],['573'],['4.4'],['60'],['8']
Jase McClellan,ALA,['RB'],['122'],['569'],['4.7'],['29'],['4']
Quinshon Judkins,MISS,['RB'],['129'],['567'],['4.4'],['37'],['7']
Emmanuel Michel,AFA,['FB'],['135'],['566'],['4.2'],['22'],['8']
Nathan Carter,MSU,['RB'],['130'],['565'],['4.3'],['44'],['4']
Corey Kiner,CIN,['RB'],['102'],['563'],['5.5'],['68'],['2']
Deion Hankins,UTEP,['RB'],['108'],['562'],['5.2'],['54'],['2']
Jacory Croskey-Merritt,UNM,['RB'],['90'],['545'],['6.1'],['55'],['11']
Harrison Waylee,WYO,['RB'],['75'],['540'],['7.2'],['75'],['3']
Alex Tecza,NAVY,['FB'],['74'],['527'],['7.1'],['75'],['4']
Jayden Daniels,LSU,['QB'],['91'],['521'],['5.7'],['55'],['5']
LeQuint Allen,SYR,['RB'],['106'],['511'],['4.8'],['35'],['7']
Ayo Adeyi,UNT,['RB'],['71'],['507'],['7.1'],['47'],['4']
Jo'Quavious Marks,MSST,['RB'],['97'],['500'],['5.2'],['52'],['4']
Zac Larrier,AFA,['QB'],['97'],['497'],['5.1'],['41'],['4']
Will Shipley,CLEM,['RB'],['106'],['494'],['4.7'],['21'],['3']
Trey Benson,FSU,['RB'],['75'],['489'],['6.5'],['85'],['6']
Davon Booth,USU,['RB'],['84'],['489'],['5.8'],['48'],['4']
Devin Mockobee,PUR,['RB'],['105'],['478'],['4.6'],['21'],['4']
Torrance Burgess Jr.,UTEP,['RB'],['95'],['477'],['5.0'],['40'],['2']
Tyre Shelton,LT,['RB'],['68'],['475'],['7.0'],['56'],['5']
Jalen White,GASO,['RB'],['81'],['475'],['5.9'],['45'],['5']
Dequan Finn,TOL,['QB'],['82'],['472'],['5.8'],['56'],['5']
Larry McCammon,FAU,['RB'],['96'],['472'],['4.9'],['40'],['4']
Leshon Williams,IOWA,['RB'],['86'],['472'],['5.5'],['82'],['1']
Demond Claiborne,WAKE,['RB'],['99'],['471'],['4.8'],['42'],['5']
Kevorian Barnes,UTSA,['RB'],['104'],['469'],['4.5'],['44'],['4']
Jacob Kibodi,UL,['RB'],['64'],['466'],['7.3'],['69'],['5']
Jordan Waters,DUKE,['RB'],['78'],['465'],['6.0'],['83'],['9']
Jamal Haynes,GT,['RB'],['84'],['465'],['5.5'],['67'],['4']
Jordan James,ORE,['RB'],['58'],['463'],['8.0'],['37'],['8']
Daijun Edwards,UGA,['RB'],['80'],['460'],['5.8'],['62'],['6']
Monte Watkins,NMSU,['RB'],['41'],['459'],['11.2'],['80'],['2']
Kadarius Calloway,ODU,['RB'],['41'],['458'],['11.2'],['75'],['3']
Johnny Richardson,UCF,['RB'],['59'],['456'],['7.7'],['79'],['1']
CJ Donaldson Jr.,WVU,['RB'],['116'],['453'],['3.9'],['17'],['6']
Henry Parrish Jr.,MIA,['RB'],['72'],['452'],['6.3'],['37'],['4']
Ja'Quinden Jackson,UTAH,['RB'],['87'],['450'],['5.2'],['44'],['1']
Sieh Bangura,OHIO,['RB'],['108'],['448'],['4.1'],['22'],['3']
Jalon Jones,CLT,['QB'],['91'],['447'],['4.9'],['58'],['4']
Zeon Chriss,UL,['QB'],['57'],['446'],['7.8'],['80'],['5']
Kaelon Black,JMU,['RB'],['100'],['443'],['4.4'],['57'],['1']
Montrell Johnson Jr.,FLA,['RB'],['85'],['438'],['5.2'],['34'],['4']
LJ Martin,BYU,['RB'],['96'],['438'],['4.6'],['55'],['4']
Daniel Hishaw Jr.,KU,['RB'],['68'],['437'],['6.4'],['29'],['6']
Shomari Lawrence,FIU,['RB'],['84'],['435'],['5.2'],['67'],['4']
Frank Gore Jr.,USM,['RB'],['115'],['434'],['3.8'],['29'],['4']
Jonah Coleman,ARIZ,['RB'],['65'],['433'],['6.7'],['59'],['3']
Malik Sherrod,FRES,['RB'],['71'],['432'],['6.1'],['72'],['5']
Treshaun Ward,KSU,['RB'],['77'],['426'],['5.5'],['20'],['2']
Quali Conley,SJSU,['RB'],['61'],['426'],['7.0'],['68'],['6']
Heinrich Haarberg,NEB,['QB'],['85'],['424'],['5.0'],['72'],['4']
Jaylan Knighton,SMU,['RB'],['77'],['422'],['5.5'],['95'],['3']
Rashad Amos,M-OH,['RB'],['98'],['421'],['4.3'],['25'],['4']
Roman Hemby,MD,['RB'],['84'],['414'],['4.9'],['40'],['4']
Cameron Skattebo,ASU,['RB'],['104'],['413'],['4.0'],['18'],['6']
Bryson Daily,ARMY,['QB'],['100'],['412'],['4.1'],['23'],['3']
Jermaine Brown Jr.,UAB,['RB'],['83'],['410'],['4.9'],['40'],['9']
Nicholas Singleton,PSU,['RB'],['98'],['410'],['4.2'],['20'],['6']
Star Thomas,NMSU,['RB'],['77'],['409'],['5.3'],['40'],['4']
Emory Jones,CIN,['QB'],['102'],['408'],['4.0'],['20'],['3']
Trevor Etienne,FLA,['RB'],['69'],['407'],['5.9'],['62'],['3']
Victor Rosa,CONN,['RB'],['78'],['405'],['5.2'],['71'],['2']
Kaytron Allen,PSU,['RB'],['87'],['401'],['4.6'],['18'],['3']
Jalen Mayden,SDSU,['QB'],['87'],['400'],['4.6'],['56'],['3']
Samson Evans,EMU,['RB'],['93'],['399'],['4.3'],['61'],['6']
Anthony Watkins,TLSA,['RB'],['104'],['396'],['3.8'],['27'],['2']
Mario Anderson,SC,['RB'],['76'],['396'],['5.2'],['75'],['2']
Ja'Quez Cross,ARST,['RB'],['61'],['394'],['6.5'],['66'],['3']
Jaquez Moore,DUKE,['RB'],['69'],['390'],['5.7'],['42'],['3']
Lorenzo Lingard,AKR,['RB'],['78'],['388'],['5.0'],['71'],['2']
Vincent Davis Jr.,UNLV,['RB'],['69'],['388'],['5.6'],['69'],['2']
TJ Harden,UCLA,['RB'],['68'],['388'],['5.7'],['62'],['4']
Le'Veon Moss,TA&M,['RB'],['77'],['387'],['5.0'],['36'],['3']
Jabari Small,TENN,['RB'],['73'],['383'],['5.2'],['40'],['2']
Kye Robichaux,BC,['RB'],['76'],['383'],['5.0'],['57'],['4']
Deshaun Fenwick,ORST,['RB'],['67'],['382'],['5.7'],['38'],['4']
Donald Chaney Jr.,MIA,['RB'],['73'],['375'],['5.1'],['26'],['2']
Gavin Garcia,KENT,['RB'],['96'],['374'],['3.9'],['42'],['2']
Haynes King,GT,['QB'],['61'],['372'],['6.1'],['71'],['3']
Ron Cook Jr.,BUFF,['RB'],['90'],['372'],['4.1'],['32'],['5']
Jaylon Jackson,EMU,['RB'],['77'],['371'],['4.8'],['55'],['1']
Rahsul Faison,USU,['RB'],['52'],['370'],['7.1'],['60'],['3']
Rodrigues Clark,USM,['RB'],['55'],['369'],['6.7'],['59'],['2']
Darren Grainger,GAST,['QB'],['79'],['368'],['4.7'],['65'],['5']
Jaiden Credle,MTSU,['RB'],['71'],['366'],['5.2'],['71'],['2']
Keshawn Wicks,ODU,['RB'],['69'],['362'],['5.2'],['27'],['4']
Gavin Wimsatt,RUTG,['QB'],['73'],['362'],['5.0'],['80'],['7']
Billy Lucas,LIB,['RB'],['66'],['360'],['5.5'],['20'],['3']
Myles Bailey,CMU,['RB'],['87'],['360'],['4.1'],['24'],['3']
Bhayshul Tuten,VT,['RB'],['92'],['360'],['3.9'],['49'],['3']
Robert Henry,UTSA,['RB'],['53'],['359'],['6.8'],['43'],['5']
Garrett Shrader,SYR,['QB'],['78'],['358'],['4.6'],['39'],['6']
Isaiah Ifanse,CAL,['RB'],['65'],['357'],['5.5'],['26'],['7']
Kejon Owens,FIU,['RB'],['54'],['357'],['6.6'],['47'],['5']
Phil Mafah,CLEM,['RB'],['57'],['355'],['6.2'],['49'],['4']
Brendon Lewis,NEV,['QB'],['84'],['351'],['4.2'],['31'],['3']
John Lee Eldridge III,AFA,['RB'],['38'],['351'],['9.2'],['65'],['4']
Garrett Greene,WVU,['QB'],['61'],['349'],['5.7'],['35'],['5']
Justice Ellison,WAKE,['RB'],['76'],['348'],['4.6'],['29'],['0']
O'Shaan Allison,OHIO,['RB'],['104'],['346'],['3.3'],['30'],['1']
Jaxson Dart,MISS,['QB'],['77'],['346'],['4.5'],['68'],['6']
Dillon Johnson,WASH,['RB'],['69'],['346'],['5.0'],['45'],['5']
Braydon Bennett,CCU,['RB'],['72'],['344'],['4.8'],['21'],['4']
Kyron Drones,VT,['QB'],['91'],['344'],['3.8'],['40'],['4']
Kentrel Bullock,USA,['RB'],['68'],['343'],['5.0'],['34'],['3']
Kiael Kelly,BALL,['QB'],['65'],['343'],['5.3'],['42'],['2']
Isaiah Woullard,ULM,['RB'],['68'],['341'],['5.0'],['44'],['1']
Riley Leonard,DUKE,['QB'],['48'],['339'],['7.1'],['44'],['4']
Roydell Williams,ALA,['RB'],['67'],['339'],['5.1'],['48'],['1']
Zion Webb,JVST,['QB'],['62'],['335'],['5.4'],['61'],['2']
OJ Arnold,GASO,['RB'],['50'],['330'],['6.6'],['39'],['3']
Kaden Feagin,ILL,['RB'],['67'],['329'],['4.9'],['25'],['2']
Ulysses Bentley IV,MISS,['RB'],['54'],['327'],['6.1'],['43'],['3']
Donavyn Lester,UNLV,['RB'],['58'],['325'],['5.6'],['66'],['7']
Elijah Gilliam,FRES,['RB'],['81'],['325'],['4.0'],['24'],['4']
Hunter Smith,ULM,['RB'],['49'],['322'],['6.6'],['62'],['3']
Cam Porter,NU,['RB'],['83'],['319'],['3.8'],['25'],['1']
Jai'Den Thomas,UNLV,['RB'],['67'],['319'],['4.8'],['46'],['7']
Jacquez Stuart,TOL,['RB'],['58'],['316'],['5.4'],['24'],['2']
Zahir Abdus-Salaam,WMU,['RB'],['84'],['316'],['3.8'],['19'],['5']
Owen Burk,AFA,['RB'],['50'],['314'],['6.3'],['39'],['3']
Mike Washington,BUFF,['RB'],['74'],['312'],['4.2'],['49'],['2']
Jarquez Hunter,AUB,['RB'],['72'],['309'],['4.3'],['53'],['5']
Marcus Major,OU,['RB'],['78'],['308'],['3.9'],['19'],['1']
Chez Mellusi,WIS,['RB'],['51'],['307'],['6.0'],['89'],['4']
Jaylen Thomas,KENT,['RB'],['80'],['305'],['3.8'],['34'],['1']
Anthony Grant,NEB,['RB'],['70'],['302'],['4.3'],['34'],['3']
Perris Jones,UVA,['RB'],['55'],['302'],['5.5'],['43'],['2']
Luke Altmyer,ILL,['QB'],['83'],['301'],['3.6'],['72'],['3']
Dylan Sampson,TENN,['RB'],['49'],['301'],['6.1'],['44'],['6']
Dean Connors,RICE,['RB'],['50'],['300'],['6.0'],['54'],['4']
Joquez Smith,TEM,['RB'],['63'],['299'],['4.7'],['51'],['1']
Tyrone Tracy Jr.,PUR,['RB'],['50'],['296'],['5.9'],['24'],['5']
TreVeyon Henderson,OSU,['RB'],['44'],['295'],['6.7'],['61'],['5']
Sean Dollars,NEV,['RB'],['89'],['290'],['3.3'],['33'],['3']
Will Howard,KSU,['QB'],['45'],['289'],['6.4'],['70'],['6']
Kanye Udoh,ARMY,['RB'],['53'],['288'],['5.4'],['23'],['1']
Amari Daniels,TA&M,['RB'],['53'],['287'],['5.4'],['79'],['2']
C'Bo Flemister,PITT,['RB'],['68'],['282'],['4.1'],['38'],['2']
Brennan Armstrong,NCSU,['QB'],['70'],['281'],['4.0'],['14'],['3']
Ty Son Lawton,JMU,['RB'],['60'],['279'],['4.7'],['28'],['4']
Kaleb Johnson,IOWA,['RB'],['74'],['278'],['3.8'],['67'],['2']
Gavin Williams,NIU,['RB'],['55'],['277'],['5.0'],['53'],['3']
Kanye Roberts,APP,['RB'],['56'],['275'],['4.9'],['35'],['2']
Nathaniel Peat,MIZ,['RB'],['62'],['274'],['4.4'],['19'],['2']
Camryn Edwards,CONN,['RB'],['55'],['273'],['5.0'],['39'],['1']
Dre'lyn Washington,UL,['RB'],['41'],['272'],['6.6'],['62'],['1']
Pat Garwo III,BC,['RB'],['52'],['270'],['5.2'],['50'],['1']
Myles Montgomery,CIN,['RB'],['43'],['267'],['6.2'],['38'],['2']
Trey Cooley,GT,['RB'],['62'],['266'],['4.3'],['23'],['3']
Parker Jenkins,HOU,['RB'],['56'],['265'],['4.7'],['31'],['3']
Eli Sanders,ISU,['RB'],['59'],['263'],['4.5'],['29'],['2']
Jeremiyah Love,ND,['RB'],['39'],['263'],['6.7'],['36'],['1']
Oscar Adaway III,UNT,['RB'],['60'],['260'],['4.3'],['43'],['3']
Rashod Dubinion,ARK,['RB'],['79'],['260'],['3.3'],['15'],['1']
Robert Briggs Jr.,USU,['RB'],['53'],['260'],['4.9'],['58'],['1']
Marion Lukes,CMU,['RB'],['72'],['260'],['3.6'],['25'],['2']
Payton Thorne,AUB,['QB'],['61'],['259'],['4.2'],['61'],['2']
Kenan Christon,SDSU,['RB'],['69'],['257'],['3.7'],['22'],['0']
Jaylon Armstead,SDSU,['RB'],['60'],['257'],['4.3'],['48'],['5']
Chip Trayanum,OSU,['RB'],['60'],['257'],['4.3'],['40'],['3']
Patrick Smith,VAN,['RB'],['63'],['257'],['4.1'],['40'],['2']
Reggie Love III,ILL,['RB'],['51'],['257'],['5.0'],['61'],['1']
Jaylon Glover,UTAH,['RB'],['71'],['256'],['3.6'],['21'],['2']
Dominic Richardson,BAY,['RB'],['63'],['255'],['4.0'],['32'],['0']
Daba Fofana,NAVY,['FB'],['54'],['255'],['4.7'],['20'],['1']
Logan Smothers,JVST,['QB'],['65'],['253'],['3.9'],['41'],['6']
AJ Green,ARK,['RB'],['42'],['252'],['6.0'],['55'],['2']
Lawrance Toafili,FSU,['RB'],['35'],['251'],['7.2'],['50'],['2']
Dylan Edwards,COLO,['RB'],['54'],['250'],['4.6'],['34'],['1']
Isaiah Jacobs,UAB,['RB'],['55'],['249'],['4.5'],['26'],['3']
Rahjai Harris,ECU,['RB'],['76'],['249'],['3.3'],['21'],['4']
Chandler Morris,TCU,['QB'],['45'],['249'],['5.5'],['32'],['3']
Rodney Hammond Jr.,PITT,['RB'],['60'],['247'],['4.1'],['23'],['3']
Jaylin Lucas,IU,['RB'],['55'],['247'],['4.5'],['25'],['2']
DJ Williams,ARIZ,['RB'],['55'],['246'],['4.5'],['17'],['2']
Jordan Ford,TLSA,['RB'],['62'],['246'],['4.0'],['22'],['1']
Jiya Wright,ULM,['QB'],['64'],['246'],['3.8'],['44'],['1']
Jaylen Raynor,ARST,['QB'],['61'],['246'],['4.0'],['62'],['2']
Damien Taylor,TROY,['RB'],['40'],['242'],['6.1'],['45'],['1']
Kobe Pace,UVA,['RB'],['70'],['241'],['3.4'],['22'],['1']
Richard Reese,BAY,['RB'],['52'],['241'],['4.6'],['28'],['2']
Keith Willis Jr.,LT,['RB'],['33'],['240'],['7.3'],['68'],['3']
Anthony Hankerson,COLO,['RB'],['56'],['239'],['4.3'],['20'],['1']
Tawee Walker,OU,['RB'],['53'],['239'],['4.5'],['30'],['4']
Darvon Hubbard,TEM,['RB'],['51'],['236'],['4.6'],['21'],['2']
Vann Schield,CSU,['RB'],['53'],['236'],['4.5'],['52'],['3']
Joe Milton III,TENN,['QB'],['47'],['232'],['4.9'],['81'],['4']
Markese Stepp,WKU,['RB'],['47'],['232'],['4.9'],['56'],['2']
Sione Vaki,UTAH,['S'],['25'],['232'],['9.3'],['72'],['2']
Dillon Gabriel,OU,['QB'],['53'],['230'],['4.3'],['44'],['5']
Taylen Green,BOIS,['QB'],['43'],['230'],['5.3'],['21'],['4']
Michael Allen,NCSU,['RB'],['43'],['230'],['5.3'],['37'],['1']
Zak Wallace,ARST,['RB'],['70'],['229'],['3.3'],['17'],['1']
Isaiah Johnson,UNT,['RB'],['37'],['229'],['6.2'],['28'],['3']
Christian Turner,IU,['RB'],['52'],['227'],['4.4'],['17'],['2']
Antwain Littleton II,MD,['RB'],['54'],['227'],['4.2'],['32'],['2']
Mason Garcia,ECU,['QB'],['50'],['227'],['4.5'],['57'],['2']
Avery Johnson,KSU,['QB'],['39'],['227'],['5.8'],['30'],['6']
Aaron Bedgood,LIB,['WR'],['28'],['226'],['8.1'],['49'],['2']
Beau Pribula,PSU,['QB'],['34'],['225'],['6.6'],['31'],['3']
Sedrick Alexander,VAN,['RB'],['58'],['225'],['3.9'],['27'],['4']
Jase Bauer,CMU,['QB'],['70'],['223'],['3.2'],['21'],['7']
Sean Tyler,MINN,['RB'],['55'],['222'],['4.0'],['19'],['0']
Austin Jones,USC,['RB'],['41'],['221'],['5.4'],['37'],['4']
Colby McDonald,MD,['RB'],['32'],['221'],['6.9'],['35'],['2']
Donerio Davenport,TXST,['RB'],['50'],['220'],['4.4'],['22'],['1']
Cartevious Norton,ISU,['RB'],['61'],['218'],['3.6'],['20'],['0']
CJ Baxter,TEX,['RB'],['50'],['217'],['4.3'],['32'],['2']
DJ Irons,AKR,['QB'],['61'],['215'],['3.5'],['47'],['2']
Bill Jackson,TLSA,['RB'],['41'],['215'],['5.2'],['25'],['0']
Ajay Allen,MIA,['RB'],['47'],['215'],['4.6'],['16'],['3']
Charvis Thornton,LT,['RB'],['49'],['213'],['4.3'],['30'],['1']
Cam'Ron Valdez,TTU,['RB'],['29'],['212'],['7.3'],['54'],['1']
Kobe Lewis,FAU,['RB'],['40'],['211'],['5.3'],['58'],['1']
Donovan Edwards,MICH,['RB'],['66'],['211'],['3.2'],['14'],['1']
Stacy Sneed,HOU,['RB'],['40'],['211'],['5.3'],['58'],['1']
LJ Johnson Jr.,SMU,['RB'],['35'],['209'],['6.0'],['67'],['1']
Isaac Guerendo,LOU,['RB'],['52'],['207'],['4.0'],['25'],['3']
Casey Filkins,STAN,['RB'],['33'],['206'],['6.2'],['59'],['1']
Andrew Peasley,WYO,['QB'],['51'],['203'],['4.0'],['22'],['4']
Drake Maye,UNC,['QB'],['68'],['201'],['3.0'],['16'],['5']
KJ Jefferson,ARK,['QB'],['112'],['200'],['1.8'],['25'],['1']
Ashton Stredick,CAL,['RB'],['41'],['199'],['4.9'],['41'],['2']
K'Wan Powell,USF,['RB'],['56'],['199'],['3.6'],['27'],['1']
Anwar Lewis,JVST,['RB'],['43'],['199'],['4.6'],['26'],['1']
Mike Wright,MSST,['QB'],['31'],['198'],['6.4'],['53'],['3']
Jordan Johnson,HAW,['RB'],['34'],['198'],['5.8'],['28'],['0']
Jordan McCloud,JMU,['QB'],['45'],['197'],['4.4'],['47'],['3']
Kendall Milton,UGA,['RB'],['36'],['196'],['5.4'],['37'],['3']
Gabe Ervin Jr.,NEB,['RB'],['38'],['196'],['5.2'],['27'],['1']
Hayden Reed,ARMY,['RB'],['48'],['194'],['4.0'],['27'],['2']
Malachi Thomas,VT,['RB'],['53'],['193'],['3.6'],['18'],['0']
Terron Kellman,CLT,['RB'],['41'],['192'],['4.7'],['18'],['0']
Abu Sama III,ISU,['RB'],['38'],['192'],['5.1'],['55'],['1']
Michael Pratt,TULN,['QB'],['47'],['191'],['4.1'],['26'],['3']
Sutton Smith,MEM,['RB'],['39'],['190'],['4.9'],['16'],['2']
Shadrick Byrd,CLT,['RB'],['56'],['188'],['3.4'],['18'],['0']
Dawson Pendergrass,BAY,['RB'],['41'],['188'],['4.6'],['31'],['2']
British Brooks,UNC,['RB'],['48'],['187'],['3.9'],['29'],['1']
Tahj Gary,TLSA,['RB'],['33'],['187'],['5.7'],['40'],['2']
Javious Bond,ECU,['RB'],['28'],['187'],['6.7'],['39'],['1']
Elijah Young,WKU,['RB'],['47'],['186'],['4.0'],['27'],['1']
Marco Lee Jr.,USA,['RB'],['39'],['186'],['4.8'],['13'],['2']
Jahiem White,WVU,['RB'],['25'],['185'],['7.4'],['39'],['1']
Kurtis Rourke,OHIO,['QB'],['38'],['184'],['4.8'],['25'],['2']
Kenny Tracy,M-OH,['RB'],['35'],['184'],['5.3'],['42'],['2']
Donovan Smith,HOU,['QB'],['73'],['184'],['2.5'],['22'],['4']
Blake Horvath,NAVY,['QB'],['37'],['183'],['4.9'],['29'],['0']
Brian Battie,AUB,['RB'],['40'],['182'],['4.6'],['24'],['0']
Jacqez Barksdale,BUFF,['RB'],['30'],['182'],['6.1'],['39'],['1']
Chevan Cordeiro,SJSU,['QB'],['58'],['181'],['3.1'],['28'],['3']
Devin Roche,ODU,['RB'],['30'],['181'],['6.0'],['37'],['0']
Dylan McDuffie,KU,['RB'],['33'],['180'],['5.5'],['36'],['3']
Robby Ashford,AUB,['QB'],['40'],['180'],['4.5'],['18'],['5']
Jordan Travis,FSU,['QB'],['50'],['176'],['3.5'],['20'],['5']
Michael Wiley,ARIZ,['RB'],['40'],['176'],['4.4'],['17'],['1']
Collin Schlee,UCLA,['QB'],['11'],['175'],['15.9'],['57'],['2']
E.J. Smith,STAN,['RB'],['35'],['174'],['5.0'],['34'],['1']
Zach Evans,MINN,['RB'],['37'],['174'],['4.7'],['18'],['1']
Ja'shon Benjamin,RUTG,['RB'],['43'],['174'],['4.0'],['26'],['1']
Trey Sanders,TCU,['RB'],['46'],['173'],['3.8'],['18'],['4']
Nakia Watson,WSU,['RB'],['59'],['173'],['2.9'],['17'],['4']
Ethan Payne,MRSH,['RB'],['44'],['172'],['3.9'],['22'],['0']
Juma Otoviano,RICE,['RB'],['47'],['171'],['3.6'],['24'],['2']
Delbert Mimms III,NCSU,['RB'],['51'],['171'],['3.4'],['18'],['6']
Tai Lavatai,NAVY,['QB'],['56'],['171'],['3.1'],['20'],['2']
Frank Peasant,MTSU,['RB'],['48'],['171'],['3.6'],['25'],['2']
Courtney Reese,UNLV,['RB'],['39'],['170'],['4.4'],['32'],['3']
John Gentry,SHSU,['RB'],['60'],['170'],['2.8'],['12'],['0']
Jamoni Jones,NMSU,['RB'],['42'],['170'],['4.0'],['24'],['2']
Rocko Griffin,UTSA,['RB'],['41'],['169'],['4.1'],['20'],['2']
J.J. McCarthy,MICH,['QB'],['33'],['168'],['5.1'],['22'],['3']
Nicholas Vattiato,MTSU,['QB'],['88'],['167'],['1.9'],['30'],['2']
Michel Dukes,USF,['RB'],['38'],['166'],['4.4'],['23'],['2']
Malik Hornsby,TXST,['QB'],['17'],['166'],['9.8'],['31'],['4']
Durell Robinson,CLT,['RB'],['40'],['166'],['4.2'],['16'],['1']
Seth Henigan,MEM,['QB'],['61'],['165'],['2.7'],['24'],['3']
Bert Emanuel Jr.,CMU,['QB'],['42'],['165'],['3.9'],['66'],['2']
Camar Wheaton,SMU,['RB'],['39'],['164'],['4.2'],['11'],['2']
CJ Beasley,CCU,['RB'],['39'],['162'],['4.2'],['21'],['1']
Tanner Mordecai,WIS,['QB'],['51'],['161'],['3.2'],['18'],['4']
Dylan Downing,PUR,['RB'],['41'],['161'],['3.9'],['25'],['1']
Josh Williams,LSU,['RB'],['19'],['161'],['8.5'],['41'],['2']
Devontae Houston,CONN,['RB'],['34'],['161'],['4.7'],['27'],['0']
Sam Scott,WYO,['RB'],['34'],['161'],['4.7'],['19'],['1']
Maquel Haywood,APP,['RB'],['41'],['161'],['3.9'],['20'],['0']
John Rhys Plumlee,UCF,['QB'],['28'],['159'],['5.7'],['32'],['2']
Justin Lamson,STAN,['QB'],['68'],['159'],['2.3'],['15'],['2']
Maurice Turner,LOU,['RB'],['31'],['159'],['5.1'],['30'],['1']
Miyan Williams,OSU,['RB'],['49'],['158'],['3.2'],['12'],['3']
Jaden Nixon,OKST,['RB'],['32'],['158'],['4.9'],['34'],['1']
Devon Dampier,UNM,['QB'],['19'],['157'],['8.3'],['37'],['1']
Jeff Sims,NEB,['QB'],['30'],['156'],['5.2'],['57'],['1']
Josh McCray,ILL,['RB'],['43'],['156'],['3.6'],['14'],['2']
Ron Wiggins,JVST,['RB'],['28'],['156'],['5.6'],['22'],['2']
Dylan Carson,AFA,['RB'],['25'],['156'],['6.2'],['29'],['0']
Joey Aguilar,APP,['QB'],['39'],['156'],['4.0'],['25'],['2']
DeCarlos Brooks,ASU,['RB'],['31'],['153'],['4.9'],['17'],['0']
Chandler Rogers,UNT,['QB'],['58'],['153'],['2.6'],['75'],['3']
Nate Johnson,UTAH,['QB'],['56'],['153'],['2.7'],['27'],['3']
Andrew Henry,UNM,['RB'],['19'],['153'],['8.1'],['33'],['1']
Anthony Adkins,UCLA,['RB'],['23'],['151'],['6.6'],['38'],['1']
Max Balthazar,CCU,['RB'],['25'],['151'],['6.0'],['34'],['2']
Xavier Townsend,UCF,['WR'],['11'],['150'],['13.6'],['39'],['0']
Jeremiah Cobb,AUB,['RB'],['23'],['150'],['6.5'],['42'],['1']
Tyler Shough,TTU,['QB'],['48'],['149'],['3.1'],['58'],['2']
Avery Morrow,CSU,['RB'],['54'],['149'],['2.8'],['11'],['1']
Kalel Mullings,MICH,['RB'],['23'],['147'],['6.4'],['23'],['1']
Will Nixon,WASH,['RB'],['22'],['147'],['6.7'],['21'],['1']
Noah Whittington,ORE,['RB'],['20'],['146'],['7.3'],['41'],['2']
Rodney Hill,FSU,['RB'],['30'],['146'],['4.9'],['19'],['1']
Treyaun Webb,FLA,['RB'],['22'],['146'],['6.6'],['43'],['2']
Keldric Moody,LT,['RB'],['33'],['146'],['4.4'],['24'],['0']
Davion Ervin-Poindexter,WKU,['RB'],['35'],['145'],['4.1'],['18'],['1']
Braylon Braxton,TLSA,['QB'],['21'],['145'],['6.9'],['46'],['0']
Caleb Williams,USC,['QB'],['61'],['143'],['2.3'],['46'],['7']
James Jointer Jr.,LIB,['RB'],['25'],['143'],['5.7'],['34'],['0']
Jalen Milroe,ALA,['QB'],['77'],['142'],['1.8'],['53'],['5']
Jayden Maiava,UNLV,['QB'],['31'],['142'],['4.6'],['24'],['1']
Seth Davis,MSST,['RB'],['25'],['142'],['5.7'],['25'],['1']
Tate Carney,WAKE,['RB'],['20'],['141'],['7.1'],['74'],['1']
Brett Gabbert,M-OH,['QB'],['49'],['140'],['2.9'],['26'],['2']
Xavier Williams,KENT,['RB'],['42'],['137'],['3.3'],['18'],['1']
JuTahn McClain,UK,['RB'],['25'],['137'],['5.5'],['36'],['1']
Jordan Brunson,M-OH,['RB'],['12'],['137'],['11.4'],['57'],['1']
Mike Hollins,UVA,['RB'],['49'],['136'],['2.8'],['13'],['5']
Ryan Montgomery,CIN,['RB'],['30'],['135'],['4.5'],['26'],['0']
Jacob Zeno,UAB,['QB'],['59'],['135'],['2.3'],['44'],['4']
Brady Cook,MIZ,['QB'],['59'],['134'],['2.3'],['25'],['5']
Rayshon Luke,ARIZ,['RB'],['24'],['134'],['5.6'],['40'],['1']
Keegan Shoemaker,SHSU,['QB'],['45'],['133'],['3.0'],['29'],['0']
Camden Orth,BGSU,['QB'],['38'],['133'],['3.5'],['18'],['2']
Mark Fletcher Jr.,MIA,['RB'],['24'],['133'],['5.5'],['26'],['1']
L.T. Sanders,WKU,['RB'],['23'],['133'],['5.8'],['56'],['0']
Quincy Patterson,TEM,['QB'],['41'],['132'],['3.2'],['24'],['4']
Sherod White,UNM,['RB'],['30'],['132'],['4.4'],['12'],['1']
Ta'ron Keith,BGSU,['RB'],['23'],['132'],['5.7'],['40'],['1']
Terry Wilkins,MTSU,['RB'],['15'],['131'],['8.7'],['75'],['1']
Damari Alston,AUB,['RB'],['26'],['131'],['5.0'],['13'],['1']
Cameron Ward,WSU,['QB'],['67'],['131'],['2.0'],['22'],['3']
Jayden de Laura,ARIZ,['QB'],['20'],['131'],['6.6'],['53'],['3']
Cam Fancher,MRSH,['QB'],['85'],['130'],['1.5'],['22'],['2']
Rueben Owens,TA&M,['RB'],['37'],['130'],['3.5'],['21'],['1']
Brendan Sorsby,IU,['QB'],['41'],['130'],['3.2'],['16'],['1']
Juwaun Price,SYR,['RB'],['40'],['129'],['3.2'],['22'],['0']
Jared Brown,CCU,['WR'],['7'],['129'],['18.4'],['77'],['1']
Jaylen Anderson,WVU,['RB'],['41'],['129'],['3.1'],['15'],['1']
Jambres Dubar,BOIS,['RB'],['24'],['129'],['5.4'],['24'],['0']
Arnold Barnes III,TULN,['RB'],['20'],['129'],['6.4'],['65'],['0']
Drake Anderson,AKR,['RB'],['36'],['128'],['3.6'],['15'],['1']
Kobe Johnson,CSU,['RB'],['44'],['128'],['2.9'],['13'],['1']
Demie Sumo-Karngbaye,UK,['RB'],['13'],['125'],['9.6'],['42'],['1']
Trent Howland,IU,['RB'],['22'],['125'],['5.7'],['17'],['0']
Lee Beebe,UAB,['RB'],['28'],['125'],['4.5'],['25'],['1']
DJ Uiagalelei,ORST,['QB'],['36'],['124'],['3.4'],['26'],['5']
Bryson Barnes,UTAH,['QB'],['33'],['124'],['3.8'],['26'],['3']
Alex Broome,BC,['RB'],['28'],['124'],['4.4'],['33'],['0']
Quinten Joyner,USC,['RB'],['16'],['124'],['7.8'],['47'],['1']
Bryce Williams,MINN,['RB'],['36'],['123'],['3.4'],['8'],['1']
Greg Desrosiers Jr.,MASS,['RB'],['21'],['123'],['5.9'],['60'],['1']
Cardell Williams,TLSA,['QB'],['46'],['123'],['2.7'],['50'],['3']
Brandon Chatman,NAVY,['RB'],['29'],['123'],['4.2'],['20'],['0']
Dorian Lewis,UNM,['RB'],['24'],['123'],['5.1'],['23'],['0']
Jovantae Barnes,OU,['RB'],['28'],['122'],['4.4'],['17'],['1']
Landon Sims,HAW,['RB'],['27'],['122'],['4.5'],['22'],['1']
Jahmyl Jeter,TXST,['RB'],['27'],['121'],['4.5'],['22'],['4']
Keyon Mozee,M-OH,['RB'],['27'],['121'],['4.5'],['23'],['2']
Dylan Paine,WSU,['RB'],['20'],['121'],['6.1'],['52'],['1']
Preston Stone,SMU,['QB'],['40'],['118'],['3.0'],['21'],['2']
Emmett Johnson,NEB,['RB'],['23'],['117'],['5.1'],['24'],['0']
Cash Jones,UGA,['RB'],['15'],['117'],['7.8'],['57'],['1']
Shaadie Clayton-Johnson,TULN,['RB'],['28'],['116'],['4.1'],['17'],['0']
Kendrick Raphael,NCSU,['RB'],['23'],['116'],['5.0'],['21'],['0']
Tony Mathis Jr.,HOU,['RB'],['24'],['115'],['4.8'],['23'],['0']
Willie Shaw III,TOL,['RB'],['28'],['115'],['4.1'],['14'],['0']
Spencer Rattler,SC,['QB'],['63'],['114'],['1.8'],['28'],['2']
Zylan Perry,UL,['RB'],['34'],['113'],['3.3'],['17'],['1']
Jaydon Blue,TEX,['RB'],['23'],['112'],['4.9'],['19'],['0']
Jackson Acker,WIS,['RB'],['26'],['111'],['4.3'],['14'],['0']
Dillon Bell,UGA,['WR'],['21'],['111'],['5.3'],['21'],['2']
Aiden Calvert,AFA,['RB'],['12'],['111'],['9.3'],['22'],['0']
Austin Smith,EMU,['QB'],['74'],['109'],['1.5'],['41'],['1']
Elijah Collins,OKST,['RB'],['27'],['108'],['4.0'],['17'],['1']
Gavin Sawchuk,OU,['RB'],['28'],['108'],['3.9'],['30'],['2']
Dakereon Joyner,SC,['RB'],['44'],['107'],['2.4'],['16'],['4']
Trey Potts,PSU,['RB'],['20'],['107'],['5.3'],['20'],['2']
Parker Navarro,OHIO,['QB'],['10'],['107'],['10.7'],['52'],['0']
Cam Davis,SDSU,['RB'],['30'],['107'],['3.6'],['25'],['0']
Kaleb Jackson,LSU,['RB'],['20'],['107'],['5.3'],['21'],['2']
D.Q. James,WYO,['RB'],['35'],['106'],['3.0'],['15'],['0']
Jacob Fields,LT,['DB'],['23'],['106'],['4.6'],['30'],['2']
Jaziun Patterson,IOWA,['RB'],['24'],['106'],['4.4'],['59'],['1']
Bo Nix,ORE,['QB'],['28'],['105'],['3.8'],['16'],['2']
Damarius Good,TXST,['RB'],['11'],['105'],['9.5'],['24'],['0']
Sedrick Irvin,STAN,['RB'],['22'],['105'],['4.8'],['45'],['1']
Daniel Carter,PITT,['RB'],['23'],['104'],['4.5'],['22'],['2']
Mike Franklin,UTEP,['RB'],['24'],['104'],['4.3'],['9'],['1']
Gi'Bran Payne,ND,['RB'],['29'],['103'],['3.6'],['12'],['1']
Anthony Tyus III,NU,['RB'],['16'],['103'],['6.4'],['39'],['0']
Timmy McClain,UCF,['QB'],['39'],['102'],['2.6'],['22'],['1']
Ashton Hayes,NEV,['RB'],['30'],['102'],['3.4'],['35'],['0']
Eli Heidenreich,NAVY,['RB'],['12'],['101'],['8.4'],['46'],['1']
Dylan Hopkins,UNM,['QB'],['36'],['100'],['2.8'],['48'],['1']
Jadarian Price,ND,['RB'],['20'],['100'],['5.0'],['19'],['1']
John Emery Jr.,LSU,['RB'],['20'],['99'],['4.9'],['17'],['1']
Samuel Brown V,RUTG,['RB'],['30'],['99'],['3.3'],['11'],['2']
Ike Daniels,SYR,['RB'],['17'],['99'],['5.8'],['22'],['0']
Tommy Ulatowski,KENT,['QB'],['24'],['99'],['4.1'],['39'],['0']
Reese White,CCU,['RB'],['33'],['98'],['3.0'],['12'],['0']
Calvin Hill,TXST,['RB'],['31'],['98'],['3.2'],['13'],['0']
Martin Blake,SDSU,['RB'],['26'],['97'],['3.7'],['12'],['1']
Edward Saydee,TEM,['RB'],['37'],['96'],['2.6'],['8'],['0']
Isaac Jernagin,SJSU,['WR'],['9'],['96'],['10.7'],['45'],['0']
Jordan Houston,NCSU,['RB'],['25'],['96'],['3.8'],['15'],['0']
Jordan Younge-Humphrey,UNLV,['RB'],['12'],['96'],['8.0'],['32'],['1']
Rico Barfield,BALL,['RB'],['25'],['96'],['3.8'],['24'],['1']
Justin Lynch,NIU,['RB'],['11'],['96'],['8.7'],['30'],['1']
Sean Jackson,AUB,['RB'],['6'],['95'],['15.8'],['45'],['1']
Jaivian Thomas,CAL,['RB'],['12'],['95'],['7.9'],['27'],['1']
Frank Harris,UTSA,['QB'],['39'],['94'],['2.4'],['24'],['1']
Noah Cain,LSU,['RB'],['22'],['93'],['4.2'],['15'],['3']
Jalen Berger,MSU,['RB'],['25'],['93'],['3.7'],['12'],['1']
Cade Klubnik,CLEM,['QB'],['70'],['93'],['1.3'],['17'],['3']
Tylan Hines,HAW,['RB'],['27'],['93'],['3.4'],['18'],['0']
Kamari Moulton,IOWA,['RB'],['23'],['93'],['4.0'],['18'],['2']
Latrele Palmer,JMU,['RB'],['25'],['92'],['3.7'],['13'],['1']
Ashton Daniels,STAN,['QB'],['51'],['92'],['1.8'],['11'],['0']
CJ Hester,WMU,['RB'],['20'],['92'],['4.6'],['29'],['1']
Jason Bean,KU,['QB'],['27'],['91'],['3.4'],['27'],['0']
Austin Reed,WKU,['QB'],['29'],['91'],['3.1'],['26'],['3']
Josh Henderson,IU,['RB'],['22'],['91'],['4.1'],['20'],['2']
Brashard Smith,MIA,['WR'],['5'],['91'],['18.2'],['80'],['0']
Raheim Sanders,ARK,['RB'],['34'],['91'],['2.7'],['14'],['2']
Trey Holly,LSU,['RB'],['6'],['91'],['15.2'],['67'],['1']
Tybo Rogers,WASH,['RB'],['25'],['91'],['3.6'],['15'],['0']
Eli Stowers,NMSU,['QB'],['15'],['89'],['5.9'],['26'],['1']
Tahj Bullock,AKR,['QB'],['37'],['89'],['2.4'],['27'],['2']
Ay'Jaun Marshall,ARMY,['WR'],['6'],['89'],['14.8'],['36'],['0']
Roderick Robinson II,UGA,['RB'],['15'],['89'],['5.9'],['23'],['2']
Silas Bolden,ORST,['WR'],['5'],['87'],['17.4'],['45'],['1']
Harrison Barker,UAB,['QB'],['15'],['87'],['5.8'],['12'],['0']
Jamari Ferrell,WYO,['RB'],['24'],['87'],['3.6'],['17'],['1']
Caziah Holmes,FSU,['RB'],['9'],['85'],['9.4'],['40'],['1']
Anthony Simpson,MASS,['WR'],['10'],['85'],['8.5'],['17'],['1']
Jekail Middlebrook,MTSU,['RB'],['18'],['85'],['4.7'],['25'],['2']
Colson Yankoff,UCLA,['RB'],['13'],['83'],['6.4'],['25'],['1']
Taulia Tagovailoa,MD,['QB'],['33'],['83'],['2.5'],['23'],['4']
Jakobi Buchanan,ARMY,['RB'],['29'],['83'],['2.9'],['10'],['3']
Brendan Sullivan,NU,['QB'],['45'],['80'],['1.8'],['35'],['2']
Larry Robinson,ARMY,['QB'],['6'],['80'],['13.3'],['23'],['1']
Joshua Fleeks,NEB,['WR'],['5'],['79'],['15.8'],['74'],['1']
Mitch Griffis,WAKE,['QB'],['71'],['79'],['1.1'],['27'],['0']
Aaron Young,RUTG,['RB'],['12'],['79'],['6.6'],['16'],['1']
Aidan Robbins,BYU,['RB'],['26'],['78'],['3.0'],['13'],['0']
Nicco Marchiol,WVU,['QB'],['29'],['78'],['2.7'],['19'],['1']
Velton Gardner,SMU,['RB'],['19'],['76'],['4.0'],['23'],['0']
Keegan Jones,UCLA,['WR'],['6'],['76'],['12.7'],['22'],['2']
Athan Kaliakmanis,MINN,['QB'],['44'],['76'],['1.7'],['19'],['2']
Dallan Hayden,OSU,['RB'],['11'],['76'],['6.9'],['19'],['1']
Jayden McGowan,VAN,['WR'],['12'],['76'],['6.3'],['16'],['0']
Vaughn Blue,LIB,['RB'],['12'],['76'],['6.3'],['21'],['0']
Justin Johnson Jr.,WVU,['RB'],['16'],['75'],['4.7'],['30'],['1']
Jensen Jones,AFA,['QB'],['13'],['75'],['5.8'],['14'],['2']
Rocco Becht,ISU,['QB'],['32'],['75'],['2.3'],['14'],['2']
A.J. Henning,NU,['WR'],['14'],['74'],['5.3'],['17'],['1']
Cooper Legas,USU,['QB'],['47'],['74'],['1.6'],['11'],['0']
Jalon Daniels,KU,['QB'],['27'],['74'],['2.7'],['17'],['0']
Jaison Patterson,BGSU,['RB'],['23'],['74'],['3.2'],['20'],['0']
Nasjzae Bryant-Lelei,HAW,['RB'],['20'],['74'],['3.7'],['17'],['0']
CJ Ogbonna,BUFF,['QB'],['17'],['74'],['4.4'],['10'],['1']
Domonique Thomas,CLEM,['RB'],['11'],['74'],['6.7'],['19'],['1']
Ben Wooldridge,UL,['QB'],['17'],['73'],['4.3'],['24'],['2']
Keyone Jenkins,FIU,['QB'],['81'],['73'],['0.9'],['23'],['5']
Bennett Galloway,ULM,['RB'],['11'],['73'],['6.6'],['24'],['0']
Chris Johnson Jr.,MIA,['RB'],['11'],['73'],['6.6'],['24'],['1']
Terrence Williams,UL,['RB'],['23'],['72'],['3.1'],['11'],['1']
Zane Minors,SMU,['RB'],['16'],['72'],['4.5'],['10'],['0']
Chase Jenkins,RICE,['QB'],['7'],['72'],['10.3'],['28'],['1']
Lucky Sutton,SDSU,['RB'],['19'],['71'],['3.7'],['13'],['2']
Peyton Jones,DUKE,['RB'],['20'],['71'],['3.5'],['15'],['1']
Tank Smith,PSU,['RB'],['8'],['70'],['8.8'],['39'],['0']
Stone Earle,UNT,['QB'],['16'],['70'],['4.4'],['34'],['0']
Barion Brown,UK,['WR'],['6'],['70'],['11.7'],['26'],['0']
Henry Rutledge,CLT,['RB'],['7'],['70'],['10.0'],['20'],['0']
Asa Martin,TROY,['RB'],['17'],['69'],['4.1'],['16'],['0']
Benjamin Hall,MICH,['RB'],['15'],['69'],['4.6'],['19'],['0']
Nate Milanowski,M-OH,['RB'],['11'],['69'],['6.3'],['23'],['1']
Braxton Woodson,NAVY,['QB'],['35'],['69'],['2.0'],['22'],['0']
Xavier Johnson,OSU,['WR'],['12'],['68'],['5.7'],['15'],['0']
Hunter Herring,ULM,['QB'],['13'],['68'],['5.2'],['18'],['0']
Ari Broussard,RICE,['RB'],['20'],['67'],['3.3'],['16'],['0']
Brandon Buckhaulter,UAB,['WR'],['5'],['67'],['13.4'],['35'],['0']
Jarris Williams,TROY,['RB'],['13'],['67'],['5.2'],['25'],['1']
Jayden Limar,ORE,['RB'],['13'],['67'],['5.2'],['17'],['1']
Tyler Lavine,SMU,['RB'],['18'],['66'],['3.7'],['13'],['1']
Tyrell Robinson,ARMY,['RB'],['20'],['66'],['3.3'],['10'],['1']
Rahmir Johnson,NEB,['RB'],['12'],['65'],['5.4'],['44'],['0']
Treyson Bourguet,WMU,['QB'],['36'],['65'],['1.8'],['29'],['0']
Keyjuan Brown,LOU,['RB'],['11'],['65'],['5.9'],['14'],['1']
Ja'Vin Simpkins,CCU,['RB'],['8'],['65'],['8.1'],['22'],['1']
Miles Davis,BYU,['RB'],['14'],['64'],['4.6'],['11'],['0']
Nehemiah Martinez I,TTU,['WR'],['12'],['64'],['5.3'],['11'],['0']
Kenyon Clay,USM,['RB'],['13'],['64'],['4.9'],['15'],['0']
Jack Lausch,NU,['QB'],['13'],['64'],['4.9'],['46'],['1']
Noah Smith,SHSU,['WR'],['15'],['63'],['4.2'],['25'],['1']
Kevin Davis,M-OH,['RB'],['13'],['63'],['4.8'],['12'],['1']
Conner Weigman,TA&M,['QB'],['12'],['63'],['5.3'],['19'],['2']
Joseph Himon II,NU,['RB'],['19'],['63'],['3.3'],['12'],['0']
Jeffery Pittman,MSST,['RB'],['18'],['63'],['3.5'],['18'],['0']
Demarkcus Bowman,UCF,['RB'],['10'],['62'],['6.2'],['12'],['1']
Aaron Turner,CIN,['WR'],['8'],['62'],['7.8'],['25'],['0']
Zuberi Mobley,FAU,['RB'],['22'],['62'],['2.8'],['11'],['0']
Justice Haynes,ALA,['RB'],['10'],['62'],['6.2'],['16'],['0']
Markel Johnson,ARMY,['RB'],['20'],['62'],['3.1'],['11'],['0']
Jaylen Jenkins,WSU,['RB'],['20'],['62'],['3.1'],['17'],['0']
Dontae Smith,GT,['RB'],['13'],['61'],['4.7'],['14'],['0']
Trayvon Rudolph,NIU,['WR'],['13'],['61'],['4.7'],['36'],['0']
PaSean Wimberly,BGSU,['RB'],['16'],['61'],['3.8'],['12'],['0']
Creed Whittemore,MSST,['WR'],['3'],['61'],['20.3'],['53'],['1']
Jake Strong,TTU,['QB'],['6'],['61'],['10.2'],['54'],['0']
Dante Dowdell,ORE,['RB'],['12'],['61'],['5.1'],['13'],['1']
Jack Turner,LT,['QB'],['29'],['61'],['2.1'],['12'],['2']
Ethan Garbers,UCLA,['QB'],['11'],['60'],['5.5'],['18'],['0']
Keyvone Lee,MSST,['RB'],['8'],['60'],['7.5'],['33'],['0']
Sy'veon Wilkerson,COLO,['RB'],['20'],['60'],['3.0'],['10'],['1']
Andrew Paul,UGA,['RB'],['14'],['60'],['4.3'],['13'],['0']
John Mateer,WSU,['QB'],['13'],['60'],['4.6'],['15'],['2']
Phil Jurkovec,PITT,['QB'],['38'],['59'],['1.6'],['23'],['1']
Charlie Spegal,BALL,['RB'],['11'],['59'],['5.4'],['14'],['1']
Aidan Laughery,ILL,['RB'],['13'],['59'],['4.5'],['19'],['1']
Reggion Bennett,JVST,['RB'],['22'],['59'],['2.7'],['13'],['0']
Sam Jackson V,CAL,['QB'],['26'],['59'],['2.3'],['27'],['1']
Gage Larvadain,M-OH,['WR'],['5'],['59'],['11.8'],['46'],['0']
Logan Fife,FRES,['QB'],['15'],['58'],['3.9'],['16'],['0']
Ta'Quan Roberson,CONN,['QB'],['30'],['57'],['1.9'],['24'],['2']
Kamarro Edmonds,ECU,['RB'],['11'],['56'],['5.1'],['17'],['2']
Nick Mosley,BGSU,['RB'],['8'],['56'],['7.0'],['23'],['0']
Drew Allar,PSU,['QB'],['41'],['56'],['1.4'],['13'],['3']
Jordan McDonald,UCF,['RB'],['18'],['56'],['3.1'],['10'],['3']
Miles Stewart,ARMY,['RB'],['14'],['56'],['4.0'],['10'],['0']
Cedric Hawkins,ARST,['RB'],['11'],['56'],['5.1'],['28'],['0']
Shedro Louis,TULN,['RB'],['19'],['55'],['2.9'],['8'],['0']
Larenzo McMillan,NMSU,['RB'],['4'],['55'],['13.8'],['30'],['0']
Jam Miller,ALA,['RB'],['13'],['55'],['4.2'],['19'],['0']
CJ Harris,OHIO,['QB'],['12'],['55'],['4.6'],['23'],['0']
Grant Wilson,ODU,['QB'],['62'],['55'],['0.9'],['25'],['1']
Kyson Brown,ASU,['RB'],['13'],['55'],['4.2'],['15'],['0']
Tony Muskett,UVA,['QB'],['47'],['54'],['1.1'],['20'],['1']
Jackson Arnold,OU,['QB'],['12'],['54'],['4.5'],['11'],['1']
Ahmad Haston,MASS,['QB'],['16'],['54'],['3.4'],['7'],['0']
Benjamin Yurosek,STAN,['TE'],['11'],['53'],['4.8'],['10'],['0']
EJ Wilson Jr.,TEM,['RB'],['10'],['53'],['5.3'],['20'],['0']
Noah Kim,MSU,['QB'],['27'],['53'],['2.0'],['14'],['0']
Jack Shields,ODU,['QB'],['22'],['53'],['2.4'],['66'],['1']
Quinn Ewers,TEX,['QB'],['39'],['53'],['1.4'],['30'],['5']
Ryan Butler,STAN,['RB'],['15'],['53'],['3.5'],['17'],['0']
Chase Gillespie,VAN,['RB'],['16'],['52'],['3.3'],['10'],['0']
Jha'Quan Jackson,TULN,['WR'],['4'],['51'],['12.8'],['24'],['0']
George Holani,BOIS,['RB'],['10'],['51'],['5.1'],['11'],['0']
Hayden Wolff,WMU,['QB'],['18'],['51'],['2.8'],['20'],['2']
Obie Sanni,ODU,['RB'],['15'],['51'],['3.4'],['10'],['0']
Elijah Davis,UL,['RB'],['13'],['51'],['3.9'],['11'],['1']
Dominique Johnson,ARK,['RB'],['20'],['50'],['2.5'],['13'],['0']
Carson Beck,UGA,['QB'],['28'],['50'],['1.8'],['14'],['3']
J'Wan Evans,JVST,['RB'],['17'],['50'],['2.9'],['12'],['4']
Fernando Mendoza,CAL,['QB'],['12'],['50'],['4.2'],['14'],['0']
Brock Lampe,NIU,['FB'],['12'],['50'],['4.2'],['11'],['1']
Seth Anderson,IOWA,['WR'],['3'],['50'],['16.7'],['30'],['0']
Keyvon Walker,FAU,['RB'],['11'],['50'],['4.5'],['20'],['0']
Ty Thompson,ORE,['QB'],['6'],['49'],['8.2'],['13'],['0']
Aveon Smith,M-OH,['QB'],['8'],['49'],['6.1'],['48'],['0']
Zachariah Branch,USC,['WR'],['6'],['49'],['8.2'],['17'],['1']
Matt Jones,MISS,['RB'],['6'],['49'],['8.2'],['36'],['2']
Anthony Colandrea,UVA,['QB'],['33'],['49'],['1.5'],['16'],['0']
Carson Hansen,ISU,['RB'],['14'],['49'],['3.5'],['12'],['0']
Grayson McCall,CCU,['QB'],['53'],['48'],['0.9'],['12'],['1']
Isaiah Newell,ORST,['RB'],['12'],['48'],['4.0'],['11'],['0']
Jamal Johnson,BGSU,['RB'],['7'],['48'],['6.9'],['32'],['0']
Marlon Gunn Jr.,ECU,['RB'],['20'],['48'],['2.4'],['13'],['0']
Makhilyn Young,NMSU,['RB'],['9'],['48'],['5.3'],['31'],['1']
Eugene Wilson III,FLA,['WR'],['4'],['48'],['12.0'],['18'],['0']
Bryce Farrell,STAN,['WR'],['15'],['47'],['3.1'],['12'],['3']
Thad Franklin Jr.,ULM,['RB'],['12'],['47'],['3.9'],['23'],['1']
Jack Salopek,WMU,['QB'],['17'],['46'],['2.7'],['14'],['0']
Brandon Campbell,HOU,['RB'],['18'],['46'],['2.6'],['11'],['0']
Micah Bernard,UTAH,['RB'],['7'],['45'],['6.4'],['13'],['0']
Brock Vandagriff,UGA,['QB'],['3'],['45'],['15.0'],['18'],['0']
Alton McCaskill,COLO,['RB'],['12'],['45'],['3.8'],['6'],['0']
Djouvensky Schlenbaker,WSU,['RB'],['5'],['45'],['9.0'],['20'],['0']
Ethan Vasko,CCU,['QB'],['4'],['45'],['11.3'],['41'],['0']
Rodney Gallagher,WVU,['WR'],['7'],['45'],['6.4'],['15'],['0']
Bryson Washington,BAY,['RB'],['10'],['45'],['4.5'],['11'],['0']
Devon Rivers,FRES,['RB'],['12'],['44'],['3.7'],['14'],['0']
Taisun Phommachanh,MASS,['QB'],['42'],['43'],['1.0'],['31'],['2']
TJ Finley,TXST,['QB'],['37'],['43'],['1.2'],['17'],['3']
Ahmani Marshall,APP,['RB'],['10'],['43'],['4.3'],['11'],['1']
Jaylen Coleman,DUKE,['RB'],['7'],['43'],['6.1'],['15'],['0']
Caleb Hood,UNC,['RB'],['15'],['43'],['2.9'],['13'],['1']
Ke'Travion Hargrove,MEM,['RB'],['11'],['43'],['3.9'],['17'],['1']
Bryce Duke,VT,['RB'],['3'],['43'],['14.3'],['31'],['0']
Zach Hrbacek,SHSU,['RB'],['19'],['43'],['2.3'],['9'],['0']
Jalil Farooq,OU,['WR'],['9'],['42'],['4.7'],['11'],['0']
Travis Bates,DUKE,['RB'],['5'],['42'],['8.4'],['32'],['0']
Kevin Hurley,UTEP,['QB'],['14'],['42'],['3.0'],['18'],['1']
Cam Cook,TCU,['RB'],['9'],['42'],['4.7'],['16'],['0']
Jay Ducker,MEM,['RB'],['8'],['41'],['5.1'],['22'],['0']
Ahmari Huggins-Bruce,LOU,['WR'],['4'],['41'],['10.3'],['19'],['1']
Sevion Morrison,KU,['RB'],['8'],['41'],['5.1'],['9'],['1']
Maddux Madsen,BOIS,['QB'],['16'],['41'],['2.6'],['21'],['1']
Tristen Rigby,CLEM,['RB'],['2'],['41'],['20.5'],['35'],['0']
Juju McDowell,SC,['RB'],['17'],['41'],['2.4'],['17'],['2']
Lee Witherspoon,UAB,['RB'],['13'],['40'],['3.1'],['17'],['0']
Ryan O'Keefe,BC,['WR'],['5'],['40'],['8.0'],['14'],['1']
Jacques Badolato-Birdsell,NEV,['RB'],['14'],['40'],['2.9'],['5'],['0']
Deion Smith,BYU,['RB'],['19'],['39'],['2.1'],['9'],['1']
Brian Snead,ARST,['RB'],['16'],['39'],['2.4'],['8'],['0']
Trenton Bourguet,ASU,['QB'],['17'],['39'],['2.3'],['17'],['2']
Cole Snyder,BUFF,['QB'],['46'],['39'],['0.8'],['22'],['1']
JC French,GASO,['QB'],['9'],['39'],['4.3'],['18'],['0']
Kevin Concepcion,NCSU,['WR'],['5'],['39'],['7.8'],['21'],['0']
CJ Campbell Jr.,FSU,['RB'],['4'],['39'],['9.8'],['19'],['0']
Gunnar Gundy,OKST,['QB'],['14'],['39'],['2.8'],['21'],['0']
Leo Pulalasi,WSU,['RB'],['7'],['39'],['5.6'],['16'],['0']
Keith Adams Jr.,CLEM,['RB'],['7'],['39'],['5.6'],['13'],['0']
Carlos Del Rio-Wilson,SYR,['QB'],['9'],['38'],['4.2'],['15'],['0']
Alex Orji,MICH,['QB'],['7'],['38'],['5.4'],['16'],['1']
Kaden Moorman,LOU,['RB'],['5'],['38'],['7.6'],['25'],['0']
D.J. Oliver,WVU,['RB'],['10'],['38'],['3.8'],['6'],['1']
Trace Campbell,UAB,['QB'],['6'],['38'],['6.3'],['14'],['0']
Darwin Barlow,USC,['RB'],['6'],['37'],['6.2'],['23'],['0']
Yulkeith Brown,TULN,['WR'],['3'],['37'],['12.3'],['15'],['2']
Aidan Chiles,ORST,['QB'],['8'],['37'],['4.6'],['19'],['1']
Sam Hicks,CMU,['RB'],['8'],['37'],['4.6'],['8'],['0']
Ramon Jefferson,UK,['RB'],['7'],['36'],['5.1'],['16'],['0']
Lideatrick Griffin,MSST,['WR'],['11'],['36'],['3.3'],['14'],['1']
MJ Morris,NCSU,['QB'],['20'],['36'],['1.8'],['16'],['0']
Daylan Smothers,OU,['RB'],['9'],['36'],['4.0'],['16'],['0']
Amare Thomas,UAB,['WR'],['3'],['36'],['12.0'],['33'],['0']
Curtis Douglas,KENT,['RB'],['7'],['36'],['5.1'],['12'],['0']
Jack Tuttle,MICH,['QB'],['4'],['35'],['8.8'],['18'],['0']
Devin Brown,OSU,['QB'],['19'],['35'],['1.8'],['8'],['1']
Christian Nash,NIU,['RB'],['8'],['35'],['4.4'],['16'],['0']
Daelen Alexander,RICE,['RB'],['18'],['35'],['1.9'],['9'],['5']
Jay Haynes,CLEM,['RB'],['6'],['35'],['5.8'],['17'],['1']
Geordon Porter,CONN,['WR'],['1'],['34'],['34.0'],['34'],['0']
Ikaika Ragsdale,UNT,['RB'],['9'],['34'],['3.8'],['17'],['0']
Jamaal Bell,NEV,['WR'],['9'],['34'],['3.8'],['10'],['0']
Adrian Murdaugh,SHSU,['WR'],['9'],['34'],['3.8'],['16'],['0']
Terrell Washington Jr.,IOWA,['RB'],['7'],['34'],['4.9'],['9'],['0']
Dorian Smith,USA,['RB'],['2'],['34'],['17.0'],['29'],['1']
Mac Dalena,FRES,['WR'],['1'],['33'],['33.0'],['33'],['0']
Sawyer Robertson,BAY,['QB'],['19'],['33'],['1.7'],['31'],['1']
Alex Flinn,ECU,['QB'],['41'],['33'],['0.8'],['17'],['0']
Leon Franklin,MICH,['RB'],['11'],['33'],['3.0'],['9'],['1']
Justin Jones,AUB,['RB'],['4'],['33'],['8.3'],['12'],['0']
McCae Hillstead,USU,['QB'],['29'],['33'],['1.1'],['18'],['0']
David Mbadinga,GASO,['RB'],['12'],['33'],['2.8'],['12'],['1']
Jahbari Kuykendall,CCU,['RB'],['3'],['33'],['11.0'],['34'],['0']
Solo Vaipulu,HAW,['OL'],['6'],['32'],['5.3'],['14'],['0']
Joseph Fagnano,CONN,['QB'],['16'],['32'],['2.0'],['13'],['0']
Michael Johnson Jr.,FAU,['QB'],['9'],['32'],['3.6'],['9'],['3']
Cooper Jones,USU,['RB'],['8'],['32'],['4.0'],['15'],['1']
Savion Red,TEX,['RB'],['10'],['32'],['3.2'],['8'],['1']
Jake McNamara,UTEP,['QB'],['8'],['32'],['4.0'],['11'],['1']
J.J. Kohl,ISU,['QB'],['6'],['32'],['5.3'],['9'],['0']
Antonio Patterson,FIU,['RB'],['12'],['32'],['2.7'],['11'],['1']
Brock Glenn,FSU,['QB'],['2'],['32'],['16.0'],['34'],['0']
Evan Dickens,GT,['RB'],['8'],['32'],['4.0'],['19'],['0']
Sevaughn Clark,UGA,['RB'],['6'],['31'],['5.2'],['16'],['1']
B.J. Harris,CMU,['RB'],['15'],['31'],['2.1'],['9'],['0']
Damian Henderson II,CSU,['RB'],['7'],['31'],['4.4'],['11'],['0']
Kenny Johnson,PITT,['WR'],['5'],['31'],['6.2'],['9'],['0']
Cade Harris,AFA,['WR'],['5'],['31'],['6.2'],['9'],['2']
Jordan Lovett,TROY,['RB'],['7'],['31'],['4.4'],['6'],['0']
Mario Escobar,SYR,['RB'],['4'],['30'],['7.5'],['15'],['0']
Dalen Cobb,GASO,['WR'],['3'],['30'],['10.0'],['15'],['0']
Connor Walendzak,TOL,['RB'],['17'],['30'],['1.8'],['7'],['2']
Richard Newton,WASH,['RB'],['4'],['29'],['7.3'],['17'],['0']
Thomas Pannunzio,CMU,['WR'],['2'],['29'],['14.5'],['19'],['0']
Keshawn King,WMU,['RB'],['9'],['29'],['3.2'],['7'],['1']
Levi Williams,USU,['QB'],['6'],['29'],['4.8'],['11'],['0']
Omarion Dollison,JMU,['WR'],['2'],['29'],['14.5'],['26'],['0']
Tyler Crowe,BOIS,['RB'],['9'],['29'],['3.2'],['8'],['0']
Noah Fifita,ARIZ,['QB'],['20'],['29'],['1.5'],['15'],['0']
Junior Vandeross III,TOL,['WR'],['1'],['29'],['29.0'],['29'],['0']
Alonza Barnett III,JMU,['QB'],['5'],['29'],['5.8'],['9'],['1']
Chris Curry,UTAH,['RB'],['8'],['28'],['3.5'],['9'],['0']
Antavious Willis,USM,['RB'],['6'],['28'],['4.7'],['12'],['0']
Mike Drennen II,TOL,['RB'],['7'],['28'],['4.0'],['8'],['1']
Doug Brumfield,UNLV,['QB'],['18'],['28'],['1.6'],['19'],['1']
Savion Williams,TCU,['WR'],['5'],['28'],['5.6'],['14'],['0']
Brock Bowers,UGA,['TE'],['6'],['28'],['4.7'],['14'],['1']
Chandler Pittman,USM,['RB'],['8'],['28'],['3.5'],['11'],['0']
Al-Shadee Salaam,RUTG,['RB'],['6'],['28'],['4.7'],['18'],['1']
Henry Belin IV,DUKE,['QB'],['8'],['28'],['3.5'],['26'],['1']
LaJohntay Wester,FAU,['WR'],['4'],['28'],['7.0'],['21'],['0']
Jalen John,MASS,['RB'],['9'],['28'],['3.1'],['7'],['0']
AJ Swann,VAN,['QB'],['25'],['28'],['1.1'],['25'],['1']
PJ Martin,USA,['RB'],['9'],['28'],['3.1'],['14'],['0']
Elijhah Badger,ASU,['WR'],['4'],['27'],['6.8'],['17'],['0']
Chamon Metayer,CIN,['TE'],['1'],['27'],['27.0'],['27'],['0']
Charlie Norman,ULM,['RB'],['7'],['27'],['3.9'],['12'],['0']
Jabari Bates,SJSU,['RB'],['10'],['27'],['2.7'],['7'],['0']
Max Johnson,TA&M,['QB'],['35'],['27'],['0.8'],['32'],['1']
AJ Bianco,NEV,['QB'],['7'],['27'],['3.9'],['19'],['1']
Gio Lopez,USA,['QB'],['2'],['27'],['13.5'],['20'],['1']
Cornelius Johnson,MICH,['WR'],['1'],['26'],['26.0'],['26'],['0']
Hudson Card,PUR,['QB'],['57'],['26'],['0.5'],['14'],['3']
Christian Veilleux,PITT,['QB'],['17'],['26'],['1.5'],['11'],['0']
Corey Wren,TCU,['RB'],['8'],['26'],['3.3'],['9'],['0']
Grayson James,FIU,['QB'],['13'],['26'],['2.0'],['18'],['0']
T.J. Jones,UAB,['WR'],['3'],['26'],['8.7'],['15'],['0']
Billy Edwards Jr.,MD,['QB'],['6'],['26'],['4.3'],['9'],['1']
Tobias Weaver,SHSU,['RB'],['13'],['26'],['2.0'],['8'],['0']
Jack Griese,UVA,['RB'],['8'],['26'],['3.3'],['9'],['0']
David Bailey,TA&M,['RB'],['5'],['25'],['5.0'],['13'],['0']
Lawrence Keys III,TULN,['WR'],['4'],['25'],['6.3'],['12'],['0']
Phillip Brooks,KSU,['WR'],['5'],['25'],['5.0'],['10'],['1']
Dayton Wade,MISS,['WR'],['7'],['25'],['3.6'],['9'],['0']
Logan Kyle,VAN,['TE'],['2'],['25'],['12.5'],['13'],['0']
Devin Boddie Jr.,WYO,['WR'],['3'],['25'],['8.3'],['26'],['0']
Simeon Price,MSST,['RB'],['3'],['25'],['8.3'],['11'],['0']
Tyler Van Dyke,MIA,['QB'],['14'],['25'],['1.8'],['37'],['1']
Brandon Thomas,MEM,['RB'],['8'],['25'],['3.1'],['7'],['2']
Victor Venn,LIB,['RB'],['5'],['25'],['5.0'],['12'],['0']
Jordan Nabors,BAY,['WR'],['6'],['25'],['4.2'],['7'],['0']
Jordan Nubin,MINN,['RB'],['6'],['25'],['4.2'],['6'],['0']
Victor Snow,BUFF,['WR'],['3'],['25'],['8.3'],['16'],['0']
Tucker Gleason,TOL,['QB'],['4'],['24'],['6.0'],['9'],['0']
Ja'Lynn Polk,WASH,['WR'],['2'],['24'],['12.0'],['27'],['1']
KZ Adams,GAST,['RB'],['15'],['24'],['1.6'],['6'],['0']
Tiaquelin Mims,USM,['DB'],['4'],['24'],['6.0'],['26'],['0']
Tyler Brown,CLEM,['WR'],['1'],['23'],['23.0'],['23'],['0']
Ricky Pearsall,FLA,['WR'],['2'],['23'],['11.5'],['14'],['1']
Daniyel Ngata,WASH,['RB'],['7'],['23'],['3.3'],['9'],['1']
Isaiah Williams,ILL,['WR'],['6'],['23'],['3.8'],['5'],['0']
Keagan Johnson,KSU,['WR'],['4'],['23'],['5.8'],['13'],['0']
Bugs Mortimer,ULM,['WR'],['3'],['23'],['7.7'],['23'],['0']
Kendrell Williams,UL,['RB'],['3'],['23'],['7.7'],['12'],['0']
Devontez Walker,UNC,['WR'],['3'],['23'],['7.7'],['20'],['0']
Che Nwabuko,PITT,['WR'],['2'],['23'],['11.5'],['24'],['0']
Kam Ingram,UCF,['RB'],['4'],['23'],['5.8'],['12'],['0']
Amin Hassan,NAVY,['RB'],['9'],['23'],['2.6'],['11'],['0']
Wayne Knight,JMU,['RB'],['4'],['23'],['5.8'],['22'],['0']
Dedrick Latulas,LT,['WR'],['3'],['23'],['7.7'],['14'],['0']
Ashton Frye,JVST,['QB'],['7'],['23'],['3.3'],['11'],['0']
Ezell Jolly,UTEP,['RB'],['8'],['23'],['2.9'],['6'],['0']
Brennan Presley,OKST,['WR'],['4'],['22'],['5.5'],['8'],['1']
Germie Bernard,WASH,['WR'],['9'],['22'],['2.4'],['11'],['2']
Dante Jackson,AKR,['PK'],['1'],['22'],['22.0'],['22'],['0']
K.D. Hutchinson,WKU,['WR'],['3'],['22'],['7.3'],['23'],['1']
Quintell Quinn,OHIO,['RB'],['5'],['22'],['4.4'],['8'],['0']
Chrishon McCray,KENT,['WR'],['4'],['22'],['5.5'],['11'],['0']
RJ Martinez,BAY,['QB'],['3'],['22'],['7.3'],['9'],['0']
Kaden Wetjen,IOWA,['WR'],['3'],['22'],['7.3'],['14'],['0']
Evan Conley,LOU,['QB'],['3'],['21'],['7.0'],['19'],['0']
Jalen McMillan,WASH,['WR'],['2'],['21'],['10.5'],['19'],['1']
Emeka Egbuka,OSU,['WR'],['4'],['21'],['5.3'],['9'],['0']
Khaleb Hood,GASO,['WR'],['2'],['21'],['10.5'],['16'],['0']
Tavierre Dunlap,MICH,['RB'],['5'],['21'],['4.2'],['7'],['0']
Garret Rangel,OKST,['QB'],['6'],['21'],['3.5'],['10'],['0']
Zach Vigil,UNM,['RB'],['7'],['21'],['3.0'],['8'],['0']
Isaiah Augustave,ARK,['RB'],['6'],['21'],['3.5'],['8'],['0']
Quinton Jackson,RICE,['RB'],['6'],['21'],['3.5'],['11'],['0']
Nate Johnson,BC,['WR'],['3'],['21'],['7.0'],['18'],['0']
Dalen Morris,HAW,['QB'],['6'],['20'],['3.3'],['15'],['1']
Jack Plummer,LOU,['QB'],['46'],['20'],['0.4'],['20'],['1']
Luke McCaffrey,RICE,['WR'],['8'],['20'],['2.5'],['12'],['0']
Kelley Joiner,USF,['RB'],['8'],['20'],['2.5'],['6'],['0']
Keyon Lesane,NCSU,['WR'],['3'],['20'],['6.7'],['8'],['0']
Sam Adams II,WASH,['RB'],['9'],['20'],['2.2'],['11'],['1']
Tyler Buchner,ALA,['QB'],['3'],['20'],['6.7'],['9'],['1']
Jelani Stafford,CONN,['DL'],['11'],['20'],['1.8'],['4'],['5']
Jaylin Lane,VT,['WR'],['4'],['20'],['5.0'],['11'],['0']
Marquis Crosby,LT,['RB'],['1'],['20'],['20.0'],['20'],['0']
David Amador,UTSA,['WR'],['1'],['20'],['20.0'],['20'],['0']
Montravius Lloyd,PITT,['RB'],['5'],['20'],['4.0'],['5'],['0']
Jarvis Durr,USA,['RB'],['3'],['20'],['6.7'],['13'],['0']
Cross Patton,NEV,['RB'],['9'],['19'],['2.1'],['8'],['0']
Jordan Jenkins,BAY,['RB'],['2'],['19'],['9.5'],['16'],['0']
Miller Moss,USC,['QB'],['2'],['19'],['9.5'],['15'],['2']
Ethan Wright,CIN,['RB'],['7'],['19'],['2.7'],['9'],['0']
Brian Brewton,CONN,['RB'],['3'],['19'],['6.3'],['8'],['0']
Billy Wiles,USM,['QB'],['40'],['19'],['0.5'],['16'],['1']
Justyn Martin,UCLA,['QB'],['3'],['19'],['6.3'],['15'],['0']
Freddie Brock,GAST,['RB'],['2'],['19'],['9.5'],['12'],['0']
Vaughn Pemberton,BALL,['RB'],['7'],['19'],['2.7'],['11'],['0']
Carlos Davis,MASS,['QB'],['20'],['19'],['0.9'],['18'],['0']
Rickie Collins,LSU,['QB'],['3'],['19'],['6.3'],['13'],['0']
Anton Hall Jr.,NAVY,['RB'],['6'],['19'],['3.2'],['6'],['2']
Demetrius Battle,UAB,['RB'],['5'],['19'],['3.8'],['7'],['0']
Jamal Hailey,WMU,['RB'],['6'],['19'],['3.2'],['7'],['0']
Anthony Frias II,KSU,['RB'],['5'],['19'],['3.8'],['8'],['0']
Rickey Hunt,OHIO,['RB'],['6'],['19'],['3.2'],['10'],['0']
Alex Smith,GASO,['P'],['1'],['18'],['18.0'],['18'],['0']
Casey Rogers,ORE,['DL'],['1'],['18'],['18.0'],['18'],['0']
Alan Bowman,OKST,['QB'],['16'],['18'],['1.1'],['12'],['1']
Sterling Galban,JVST,['WR'],['5'],['18'],['3.6'],['10'],['0']
Gary Bryant Jr.,ORE,['WR'],['3'],['18'],['6.0'],['15'],['0']
Keilan Robinson,TEX,['RB'],['5'],['18'],['3.6'],['9'],['0']
Amaad Foston,UVA,['RB'],['3'],['18'],['6.0'],['8'],['0']
Trent Battle,TCU,['RB'],['7'],['18'],['2.6'],['10'],['0']
David Holloman,IU,['RB'],['6'],['18'],['3.0'],['7'],['0']
Johnathan Arceneaux,FRES,['RB'],['6'],['18'],['3.0'],['9'],['0']
Trevin Luben,NEB,['RB'],['1'],['18'],['18.0'],['18'],['0']
Cole Nelson,VT,['DL'],['1'],['18'],['18.0'],['18'],['0']
Elliott Nimrod,USU,['PK'],['1'],['18'],['18.0'],['18'],['1']
Daniel Wood,UTAH,['RB'],['4'],['18'],['4.5'],['10'],['0']
Jimmy Horn Jr.,COLO,['WR'],['2'],['18'],['9.0'],['17'],['0']
Te'Sean Smoot,JVST,['QB'],['4'],['18'],['4.5'],['5'],['0']
Richard Young,ALA,['RB'],['5'],['18'],['3.6'],['11'],['0']
Easton Messer,WKU,['WR'],['1'],['18'],['18.0'],['18'],['0']
KJ Edwards,CSU,['RB'],['2'],['18'],['9.0'],['12'],['0']
Ben Kiernan,UNC,['P'],['1'],['17'],['17.0'],['17'],['0']
Chris Mayo,EMU,['OL'],['0'],['17'],['0.0'],['17'],['0']
Davion Primm,MSU,['RB'],['4'],['17'],['4.3'],['8'],['0']
Gunner Stockton,UGA,['QB'],['4'],['17'],['4.3'],['14'],['0']
Deuce Spann,FSU,['WR'],['3'],['17'],['5.7'],['15'],['0']
Braylin Presley,TLSA,['RB'],['5'],['17'],['3.4'],['10'],['0']
Monaray Baldwin,BAY,['WR'],['3'],['17'],['5.7'],['12'],['0']
Micah Barnett,RICE,['FB'],['6'],['17'],['2.8'],['6'],['0']
Lamar Sperling,BUFF,['RB'],['4'],['17'],['4.3'],['8'],['0']
Malcolm Gillie,BALL,['WR'],['3'],['17'],['5.7'],['11'],['0']
Djay Braswell,SC,['RB'],['4'],['17'],['4.3'],['9'],['0']
Landan Brown,SHSU,['RB'],['9'],['17'],['1.9'],['6'],['0']
John Adams,TEM,['WR'],['1'],['16'],['16.0'],['16'],['0']
Drake Stoops,OU,['WR'],['2'],['16'],['8.0'],['13'],['0']
Mark Pope,MASS,['WR'],['3'],['16'],['5.3'],['11'],['0']
Joachim Bangda,CLT,['RB'],['9'],['16'],['1.8'],['7'],['1']
Behren Morton,TTU,['QB'],['23'],['16'],['0.7'],['10'],['2']
Jordan Whittington,TEX,['WR'],['2'],['16'],['8.0'],['20'],['0']
Deion Burks,PUR,['WR'],['2'],['16'],['8.0'],['10'],['0']
DJ Riles,MTSU,['QB'],['5'],['16'],['3.2'],['7'],['0']
Major Everhart,TCU,['WR'],['5'],['16'],['3.2'],['12'],['0']
Keldric Luster,SMU,['QB'],['2'],['16'],['8.0'],['10'],['0']
Quran Boyd,DUKE,['WR'],['6'],['16'],['2.7'],['9'],['0']
Junior Sherrill,VAN,['WR'],['2'],['16'],['8.0'],['20'],['0']
Jordan Faison,ND,['WR'],['1'],['16'],['16.0'],['16'],['0']
Spencer Sanders,MISS,['QB'],['3'],['15'],['5.0'],['14'],['0']
Je'Quan Burton,FAU,['WR'],['1'],['15'],['15.0'],['15'],['0']
Charlie Vincent,UTAH,['RB'],['5'],['15'],['3.0'],['5'],['0']
Xavier Weaver,COLO,['WR'],['2'],['15'],['7.5'],['14'],['2']
Jack Coulson,KENT,['WR'],['1'],['15'],['15.0'],['15'],['0']
Odieu Hiliare,BGSU,['WR'],['0'],['15'],['0.0'],['15'],['0']
PJ Johnson III,NMSU,['WR'],['1'],['15'],['15.0'],['15'],['0']
Trapper Pannell,SHSU,['QB'],['12'],['15'],['1.3'],['10'],['3']
Bryson Donnell,TTU,['RB'],['4'],['15'],['3.8'],['12'],['0']
Ahmarian Granger,ODU,['WR'],['1'],['15'],['15.0'],['15'],['0']
Carlson Joseph,FLA,['RB'],['3'],['15'],['5.0'],['7'],['0']
Jaelen Gill,FRES,['WR'],['7'],['14'],['2.0'],['6'],['0']
Sam Hartman,ND,['QB'],['33'],['14'],['0.4'],['17'],['2']
Tyler Walton,OHIO,['WR'],['3'],['14'],['4.7'],['7'],['0']
Devyn Ford,ND,['RB'],['4'],['14'],['3.5'],['5'],['0']
Jimmy Calloway,LOU,['WR'],['2'],['14'],['7.0'],['7'],['0']
Jordon Simmons,MSU,['RB'],['7'],['14'],['2.0'],['4'],['0']
Rome Odunze,WASH,['WR'],['1'],['14'],['14.0'],['14'],['1']
Iverson Celestine,TULN,['RB'],['3'],['14'],['4.7'],['11'],['0']
Evan Pryor,OSU,['RB'],['6'],['14'],['2.3'],['6'],['0']
Jadon Jackson,KSU,['WR'],['1'],['14'],['14.0'],['14'],['0']
Colton Spangler,MD,['P'],['1'],['14'],['14.0'],['14'],['0']
Kacper Rutkiewicz,NIU,['WR'],['2'],['14'],['7.0'],['9'],['0']
Skip Velotta,ND,['RB'],['2'],['14'],['7.0'],['9'],['0']
Josh Atkins,HAW,['OL'],['0'],['14'],['0.0'],['14'],['0']
Eddie Battle,FLA,['RB'],['6'],['14'],['2.3'],['7'],['0']
Jonathan Brady,NMSU,['WR'],['6'],['14'],['2.3'],['7'],['0']
George Hart III,ASU,['RB'],['5'],['14'],['2.8'],['7'],['0']
A'Marion Peterson,USC,['RB'],['2'],['14'],['7.0'],['9'],['0']
Kalib Hicks,OU,['RB'],['3'],['14'],['4.7'],['9'],['1']
Dee Wiggins,CIN,['WR'],['1'],['13'],['13.0'],['13'],['0']
Billy Kemp IV,NEB,['WR'],['2'],['13'],['6.5'],['9'],['1']
Jesiah Irish,ORST,['WR'],['2'],['13'],['6.5'],['11'],['0']
Wyatt Wieland,WYO,['WR'],['4'],['13'],['3.3'],['11'],['0']
Keelan Marion,BYU,['WR'],['4'],['13'],['3.3'],['6'],['2']
Cole Harrity,BUFF,['WR'],['3'],['13'],['4.3'],['6'],['0']
Cam'ron Barfield,BC,['RB'],['8'],['13'],['1.6'],['10'],['0']
Sam Leavitt,MSU,['QB'],['5'],['13'],['2.6'],['14'],['0']
Kevin Jennings,SMU,['QB'],['2'],['13'],['6.5'],['8'],['1']
Cam Crooks,TLSA,['WR'],['4'],['13'],['3.3'],['10'],['0']
Lucian Anderson III,BGSU,['QB'],['4'],['13'],['3.3'],['9'],['0']
Tyler Bradley,NAVY,['RB'],['1'],['13'],['13.0'],['13'],['0']
Rocky Lombardi,NIU,['QB'],['43'],['12'],['0.3'],['15'],['3']
Ahmad Edwards,BALL,['WR'],['2'],['12'],['6.0'],['9'],['0']
Jamari Thrash,LOU,['WR'],['1'],['12'],['12.0'],['12'],['1']
Jack Dawson,JVST,['P'],['1'],['12'],['12.0'],['12'],['0']
Brock Domann,LOU,['QB'],['3'],['12'],['4.0'],['11'],['0']
Elijah Green,UNC,['RB'],['4'],['12'],['3.0'],['9'],['0']
Terron Dixon III,GASO,['RB'],['5'],['12'],['2.4'],['12'],['0']
Jake Tafelski,CMU,['RB'],['3'],['12'],['4.0'],['5'],['0']
Jet Harris,AFA,['RB'],['4'],['12'],['3.0'],['4'],['1']
Jalen Bracey,FIU,['WR'],['2'],['12'],['6.0'],['7'],['0']
Evan Svoboda,WYO,['QB'],['13'],['12'],['0.9'],['7'],['0']
Kenyon Sadiq,ORE,['TE'],['1'],['12'],['12.0'],['12'],['0']
John Busha,AFA,['QB'],['3'],['12'],['4.0'],['6'],['0']
Leroy Thomas,WMU,['WR'],['4'],['11'],['2.8'],['5'],['0']
Roderick Daniels Jr.,SMU,['WR'],['8'],['11'],['1.4'],['4'],['0']
Alante Brown,MSU,['WR'],['4'],['11'],['2.8'],['10'],['0']
Malachi Corley,WKU,['WR'],['4'],['11'],['2.8'],['6'],['0']
Luther Burden III,MIZ,['WR'],['5'],['11'],['2.2'],['6'],['0']
Terrance Gibbs,GASO,['RB'],['7'],['11'],['1.6'],['7'],['0']
Jake Arthurs,NU,['RB'],['4'],['11'],['2.8'],['8'],['0']
Charles Crawford III,SHSU,['RB'],['7'],['11'],['1.6'],['4'],['0']
Mudia Reuben,STAN,['WR'],['2'],['11'],['5.5'],['13'],['0']
Charlie Offerdahl,COLO,['RB'],['2'],['11'],['5.5'],['6'],['0']
David Cordero,HAW,['RB'],['6'],['11'],['1.8'],['7'],['0']
Christian Washington,UNM,['RB'],['12'],['11'],['0.9'],['5'],['0']
E.J. Warner,TEM,['QB'],['16'],['11'],['0.7'],['10'],['0']
Dakota Williams,LT,['WR'],['8'],['11'],['1.4'],['6'],['1']
Kaden Cloud,AFA,['RB'],['2'],['11'],['5.5'],['11'],['0']
Timmy Bleekrode,NEB,['PK'],['1'],['10'],['10.0'],['10'],['0']
Jeremiah Hixon,UNM,['WR'],['2'],['10'],['5.0'],['7'],['0']
Dashaun Davis,APP,['WR'],['1'],['10'],['10.0'],['10'],['0']
Jarrett Guest,CCU,['QB'],['4'],['10'],['2.5'],['5'],['1']
Jalen Mitchell,CONN,['RB'],['4'],['10'],['2.5'],['9'],['0']
Lawrence Arnold,KU,['WR'],['1'],['10'],['10.0'],['10'],['0']
Roman Wilson,MICH,['WR'],['1'],['10'],['10.0'],['10'],['0']
Jayden Thomas,ND,['WR'],['1'],['10'],['10.0'],['10'],['0']
Kendrell Flowers,NIU,['RB'],['3'],['10'],['3.3'],['4'],['0']
Tahj Washington,USC,['WR'],['1'],['10'],['10.0'],['10'],['0']
Julian Gray,NCSU,['WR'],['3'],['10'],['3.3'],['7'],['0']
JP Richardson,TCU,['WR'],['2'],['10'],['5.0'],['8'],['0']
Jayden Denegal,MICH,['QB'],['4'],['10'],['2.5'],['8'],['0']
AJ Padgett,RICE,['QB'],['3'],['10'],['3.3'],['11'],['0']
Braylen Walker,RICE,['WR'],['2'],['10'],['5.0'],['8'],['0']
Jaquaize Pettaway,OU,['WR'],['1'],['10'],['10.0'],['10'],['0']
Gavin Freeman,OU,['WR'],['2'],['10'],['5.0'],['10'],['0']
Devin McCuin,UTSA,['WR'],['1'],['10'],['10.0'],['10'],['0']
Ajani Sheppard,RUTG,['QB'],['1'],['10'],['10.0'],['10'],['0']
Kadin Semonza,BALL,['QB'],['17'],['10'],['0.6'],['16'],['0']
Malik Caper,LIB,['RB'],['1'],['9'],['9.0'],['9'],['0']
Tyrone Broden,ARK,['WR'],['1'],['9'],['9.0'],['9'],['0']
Jam Griffin,MISS,['RB'],['3'],['9'],['3.0'],['6'],['0']
Anthony Sambucci,WMU,['WR'],['1'],['9'],['9.0'],['9'],['0']
Malik Washington,UVA,['WR'],['2'],['9'],['4.5'],['8'],['0']
Santino Marucci,WAKE,['QB'],['6'],['9'],['1.5'],['8'],['0']
Zach Haynes,NMSU,['P'],['1'],['9'],['9.0'],['9'],['0']
Kaylon Horton,UNT,['WR'],['3'],['9'],['3.0'],['4'],['0']
Chase Gabriel,FIU,['PK'],['1'],['9'],['9.0'],['9'],['0']
Sam Horn,MIZ,['QB'],['3'],['9'],['3.0'],['6'],['0']
Tevin White,ASU,['RB'],['6'],['9'],['1.5'],['6'],['0']
Nyck Harbor,SC,['WR'],['1'],['9'],['9.0'],['9'],['0']
Jakarius Caston,USM,['WR'],['1'],['9'],['9.0'],['9'],['0']
Braylon McReynolds,USA,['RB'],['2'],['9'],['4.5'],['6'],['0']
Raheim Jeter,ECU,['QB'],['1'],['9'],['9.0'],['9'],['0']
Khalifa Keith,TENN,['RB'],['4'],['9'],['2.3'],['6'],['0']
Bryce McMahon,TOL,['RB'],['3'],['9'],['3.0'],['7'],['0']
Kayden Collins,SJSU,['RB'],['2'],['9'],['4.5'],['6'],['0']
Jaylen Lloyd,NEB,['WR'],['1'],['9'],['9.0'],['9'],['0']
Malik Phillips,SHSU,['WR'],['3'],['9'],['3.0'],['8'],['0']
Troy Leigber,UCLA,['RB'],['1'],['9'],['9.0'],['9'],['0']
Perry Carter,JVST,['WR'],['1'],['8'],['8.0'],['8'],['0']
Kenyon Sims,JVST,['RB'],['4'],['8'],['2.0'],['4'],['0']
Cam Johnson,NU,['WR'],['1'],['8'],['8.0'],['8'],['0']
Ben Finley,CAL,['QB'],['12'],['8'],['0.7'],['6'],['0']
Derrick Davis Jr.,PITT,['RB'],['2'],['8'],['4.0'],['7'],['0']
Cameron Ross,CONN,['WR'],['2'],['8'],['4.0'],['14'],['0']
Danny Hughes,MICH,['RB'],['2'],['8'],['4.0'],['6'],['0']
Tar'Varish Dawson,COLO,['WR'],['1'],['8'],['8.0'],['8'],['1']
Emmett Morehead,BC,['QB'],['2'],['8'],['4.0'],['4'],['0']
Kaleb Brown,IOWA,['WR'],['2'],['8'],['4.0'],['9'],['0']
CJ Stokes,MICH,['RB'],['4'],['8'],['2.0'],['7'],['0']
Bryson Moss,EMU,['RB'],['1'],['8'],['8.0'],['8'],['0']
Reese Clark,TEM,['TE'],['3'],['8'],['2.7'],['3'],['0']
Mike Sharpe II,ARST,['RB'],['2'],['8'],['4.0'],['5'],['0']
Max Fletcher,ARK,['P'],['1'],['8'],['8.0'],['8'],['0']
Dewayne Coleman,ARMY,['QB'],['4'],['8'],['2.0'],['5'],['0']
Noah Short,ARMY,['WR'],['3'],['8'],['2.7'],['6'],['0']
Harold Fannin Jr.,BGSU,['TE'],['4'],['8'],['2.0'],['5'],['0']
Chuuky Hines,HAW,['WR'],['1'],['8'],['8.0'],['8'],['0']
Chauncy Cobb,ARST,['WR'],['1'],['8'],['8.0'],['8'],['0']
Tate Jernigan,TULN,['RB'],['1'],['8'],['8.0'],['8'],['0']
Jonathon Carter,USA,['RB'],['1'],['8'],['8.0'],['8'],['0']
Landon Sides,UNT,['WR'],['1'],['8'],['8.0'],['8'],['0']
Que Williams,M-OH,['WR'],['1'],['8'],['8.0'],['8'],['0']
Hamze El-Zayat,EMU,['WR'],['2'],['7'],['3.5'],['6'],['0']
Tyler Harrell,MIA,['WR'],['1'],['7'],['7.0'],['7'],['0']
Trent Pennix,NCSU,['TE'],['1'],['7'],['7.0'],['7'],['0']
Sam Pinckney,CCU,['WR'],['1'],['7'],['7.0'],['7'],['0']
Traeshon Holden,ORE,['WR'],['1'],['7'],['7.0'],['7'],['0']
Marvin Harrison Jr.,OSU,['WR'],['1'],['7'],['7.0'],['7'],['0']
Ke'Shawn Williams,WAKE,['WR'],['1'],['7'],['7.0'],['7'],['0']
Jahmal Banks,WAKE,['WR'],['1'],['7'],['7.0'],['7'],['0']
Jacob Cowing,ARIZ,['WR'],['2'],['7'],['3.5'],['4'],['0']
Brady Lichtenberg,CIN,['QB'],['2'],['7'],['3.5'],['4'],['1']
Jaylen Henderson,TA&M,['QB'],['1'],['7'],['7.0'],['7'],['0']
Tychaun Chapman,UNC,['WR'],['1'],['7'],['7.0'],['7'],['0']
Tyson Riley,ARMY,['RB'],['3'],['7'],['2.3'],['4'],['0']
Ben Brittain,AFA,['QB'],['1'],['7'],['7.0'],['7'],['0']
Matt Colombo,USC,['RB'],['1'],['7'],['7.0'],['7'],['0']
Kylen Austin,LIB,['WR'],['2'],['7'],['3.5'],['4'],['0']
Tevin Carter,MEM,['QB'],['2'],['7'],['3.5'],['11'],['0']
Jaxon Dailey,ARST,['QB'],['10'],['7'],['0.7'],['10'],['0']
Brayden Fowler-Nicolosi,CSU,['QB'],['20'],['7'],['0.3'],['9'],['1']
Iverson Hooks,UAB,['WR'],['1'],['7'],['7.0'],['7'],['0']
Bobby Golden,AKR,['WR'],['2'],['7'],['3.5'],['4'],['0']
Nolan Ray,MD,['RB'],['3'],['7'],['2.3'],['6'],['0']
Caleb Komolafe,NU,['RB'],['2'],['7'],['3.5'],['5'],['0']
Kelly Akharaiyi,UTEP,['WR'],['1'],['7'],['7.0'],['7'],['0']
George Arata,TULN,['RB'],['2'],['7'],['3.5'],['4'],['0']
Ui Ale,HOU,['QB'],['2'],['7'],['3.5'],['9'],['0']
Zack Dobson,MTSU,['WR'],['3'],['6'],['2.0'],['3'],['1']
Harold Joiner III,MSU,['LB'],['2'],['6'],['3.0'],['6'],['0']
Jaren Mangham,MSU,['RB'],['2'],['6'],['3.0'],['4'],['0']
Sedrick Van Pran,UGA,['OL'],['0'],['6'],['0.0'],['6'],['0']
Corey Rucker,ARST,['WR'],['1'],['6'],['6.0'],['6'],['0']
Mark-Antony Richards,UCF,['RB'],['2'],['6'],['3.0'],['7'],['1']
Shawn Harris Jr.,MASS,['WR'],['1'],['6'],['6.0'],['6'],['0']
Abdul-Fatai Ibrahim,BGSU,['WR'],['3'],['6'],['2.0'],['5'],['0']
Ethan Hampton,NIU,['QB'],['4'],['6'],['1.5'],['6'],['0']
Chase Contreraz,ISU,['PK'],['1'],['6'],['6.0'],['6'],['0']
Jalen Montgomery,MTSU,['RB'],['2'],['6'],['3.0'],['4'],['0']
BJ Alexander,FAU,['WR'],['1'],['6'],['6.0'],['6'],['0']
Joseph Martinez,MSU,['RB'],['5'],['6'],['1.2'],['3'],['0']
LaNorris Sellers,SC,['QB'],['2'],['6'],['3.0'],['4'],['0']
Gavin Haines,ORST,['RB'],['2'],['6'],['3.0'],['5'],['0']
Cole Cabana,MICH,['RB'],['2'],['6'],['3.0'],['5'],['0']
Terrell Vaughn,USU,['WR'],['3'],['6'],['2.0'],['4'],['0']
Trimaine Brown Jr.,BGSU,['WR'],['2'],['6'],['3.0'],['4'],['0']
Darius Stone,AFA,['RB'],['1'],['6'],['6.0'],['6'],['0']
JQ Gray,USM,['RB'],['3'],['6'],['2.0'],['3'],['0']
Darren Lloyd,CCU,['RB'],['2'],['6'],['3.0'],['4'],['0']
Travis Glover,GAST,['OT'],['1'],['5'],['5.0'],['5'],['0']
Jax Sherrard,SHSU,['TE'],['1'],['5'],['5.0'],['5'],['0']
JJ Branham,SYR,['RB'],['3'],['5'],['1.7'],['3'],['0']
Ainias Smith,TA&M,['WR'],['2'],['5'],['2.5'],['4'],['0']
Demeer Blankumsee,MEM,['WR'],['1'],['5'],['5.0'],['5'],['0']
Anthony Gould,ORST,['WR'],['2'],['5'],['2.5'],['4'],['0']
Jayson Jones,JVST,['WR'],['1'],['5'],['5.0'],['5'],['0']
Izayah Cummings,UK,['TE'],['1'],['5'],['5.0'],['5'],['0']
JoJo Earle,TCU,['WR'],['2'],['5'],['2.5'],['9'],['0']
Courtney Jackson,ARST,['WR'],['1'],['5'],['5.0'],['5'],['0']
Ayir Asante,WYO,['WR'],['3'],['5'],['1.7'],['10'],['0']
DC Tabscott,UNM,['QB'],['1'],['5'],['5.0'],['5'],['0']
Mareyohn Hrabowski,WMU,['QB'],['2'],['5'],['2.5'],['4'],['0']
Tariq Sims,ODU,['RB'],['2'],['5'],['2.5'],['3'],['0']
Janiran Bonner,NEB,['FB'],['2'],['5'],['2.5'],['3'],['0']
Braden Davis,SYR,['QB'],['2'],['5'],['2.5'],['4'],['0']
AJ Duffy,FSU,['QB'],['3'],['5'],['1.7'],['9'],['0']
Brett Griffis,JMU,['QB'],['2'],['5'],['2.5'],['4'],['0']
Octavian Smith Jr.,MD,['WR'],['1'],['5'],['5.0'],['5'],['0']
Jaden Rashada,ASU,['QB'],['8'],['5'],['0.6'],['9'],['0']
Cameron Seldon,TENN,['RB'],['3'],['5'],['1.7'],['2'],['0']
Tim Gans,NMSU,['RB'],['1'],['5'],['5.0'],['5'],['0']
Taven Curry,UAB,['RB'],['1'],['5'],['5.0'],['5'],['0']
Walter Taylor,VAN,['QB'],['2'],['5'],['2.5'],['5'],['0']
London Humphreys,VAN,['WR'],['1'],['5'],['5.0'],['5'],['0']
Squirrel White,TENN,['WR'],['1'],['5'],['5.0'],['5'],['0']
Darius Lassiter,BYU,['WR'],['1'],['5'],['5.0'],['5'],['0']
Cannon Turner,AFA,['QB'],['3'],['5'],['1.7'],['3'],['0']
Josiah Gonzales,UCLA,['DB'],['3'],['5'],['1.7'],['3'],['0']
Chris Edmonds,BGSU,['RB'],['1'],['5'],['5.0'],['5'],['0']
Dante Wright,TEM,['WR'],['1'],['4'],['4.0'],['4'],['0']
Andy Alfieri,CAL,['FB'],['2'],['4'],['2.0'],['4'],['0']
Kaedric Cobbs,UTSA,['RB'],['2'],['4'],['2.0'],['2'],['0']
Dane Kinamon,AFA,['WR'],['1'],['4'],['4.0'],['4'],['0']
EJ Horton,WVU,['WR'],['1'],['4'],['4.0'],['4'],['0']
Joey Bearns III,CLT,['TE'],['2'],['4'],['2.0'],['5'],['0']
Billy Dozier,NIU,['WR'],['4'],['4'],['1.0'],['5'],['0']
Timothy Conerly,UNLV,['WR'],['1'],['4'],['4.0'],['4'],['0']
Will Pelissier,WYO,['WR'],['1'],['4'],['4.0'],['4'],['0']
C.J. Smith,UGA,['WR'],['1'],['4'],['4.0'],['4'],['0']
Nico Iamaleava,TENN,['QB'],['2'],['4'],['2.0'],['8'],['0']
Christian Francisco,RICE,['RB'],['1'],['4'],['4.0'],['4'],['1']
Drae McCray,TTU,['WR'],['1'],['4'],['4.0'],['4'],['0']
Franklin Estrada II,TCU,['RB'],['1'],['4'],['4.0'],['4'],['0']
Semaj Morgan,MICH,['WR'],['1'],['4'],['4.0'],['4'],['0']
Mikey Matthews,UTAH,['WR'],['1'],['4'],['4.0'],['4'],['0']
Tyler Holzworth,PSU,['RB'],['3'],['4'],['1.3'],['2'],['0']
Robert Armes,FAU,['RB'],['2'],['4'],['2.0'],['2'],['0']
Jaylen Morgan,UNM,['RB'],['1'],['4'],['4.0'],['4'],['0']
Jarvis Green,CLEM,['RB'],['3'],['4'],['1.3'],['2'],['0']
Michael Penix Jr.,WASH,['QB'],['11'],['3'],['0.3'],['6'],['0']
Charlie Mangieri,NU,['TE'],['1'],['3'],['3.0'],['3'],['0']
Payton Wilson,NCSU,['LB'],['1'],['3'],['3.0'],['3'],['0']
Oscar Cardenas,UTSA,['TE'],['1'],['3'],['3.0'],['3'],['0']
Gerald Green,ECU,['RB'],['1'],['3'],['3.0'],['3'],['0']
Chase Griffin,UCLA,['QB'],['2'],['3'],['1.5'],['9'],['0']
Amari Johnson,UCF,['WR'],['2'],['3'],['1.5'],['2'],['0']
Cole Kramer,MINN,['QB'],['2'],['3'],['1.5'],['4'],['0']
Jalon Calhoun,DUKE,['WR'],['1'],['3'],['3.0'],['3'],['0']
Xavier Legette,SC,['WR'],['4'],['3'],['0.8'],['7'],['0']
Grant Wells,VT,['QB'],['14'],['3'],['0.2'],['10'],['1']
Mookie Cooper,MIZ,['WR'],['1'],['3'],['3.0'],['3'],['0']
John Copenhaver,UNC,['TE'],['0'],['3'],['0.0'],['3'],['0']
Sammy Malignaggi,JMU,['RB'],['1'],['3'],['3.0'],['3'],['0']
Josh Atwood,MASS,['OL'],['0'],['3'],['0.0'],['3'],['0']
Xavier White,TTU,['WR'],['4'],['3'],['0.8'],['2'],['0']
Joshua Gray,ORST,['OL'],['1'],['3'],['3.0'],['3'],['1']
Sean Atkins,USF,['WR'],['2'],['3'],['1.5'],['6'],['0']
Josh Kelly,WSU,['WR'],['1'],['3'],['3.0'],['3'],['0']
Dan Villari,SYR,['TE'],['2'],['3'],['1.5'],['2'],['0']
Kaden Dudley,BOIS,['RB'],['2'],['3'],['1.5'],['7'],['0']
Gunnar Greenwald,USF,['TE'],['1'],['3'],['3.0'],['3'],['0']
Xavier Worthy,TEX,['WR'],['2'],['3'],['1.5'],['3'],['0']
Chance Black,VT,['RB'],['1'],['3'],['3.0'],['3'],['0']
Tetairoa McMillan,ARIZ,['WR'],['1'],['3'],['3.0'],['3'],['0']
Chase Ketterer,ND,['RB'],['1'],['3'],['3.0'],['3'],['0']
Kenneth Womack,WMU,['WR'],['0'],['3'],['0.0'],['3'],['0']
Jalen Johnson,AFA,['RB'],['1'],['3'],['3.0'],['3'],['0']
Pierce Clarkson,LOU,['QB'],['1'],['3'],['3.0'],['3'],['0']
Jaden Greathouse,ND,['WR'],['1'],['3'],['3.0'],['3'],['0']
John Randle Jr.,UTAH,['RB'],['2'],['3'],['1.5'],['2'],['0']
Wise Segars Jr.,CLEM,['RB'],['1'],['3'],['3.0'],['3'],['0']
Max White,IOWA,['RB'],['3'],['3'],['1.0'],['3'],['1']
Sam Assaf,ND,['RB'],['2'],['3'],['1.5'],['2'],['0']
Charles Kellom,AKR,['RB'],['2'],['3'],['1.5'],['4'],['0']
Brady Drogosh,CIN,['QB'],['3'],['3'],['1.0'],['8'],['0']
Marquis Johnson,MIZ,['WR'],['1'],['3'],['3.0'],['3'],['0']
Xayvion Turner-Bradshaw,VT,['WR'],['1'],['3'],['3.0'],['3'],['0']
Grady Brosterhous,UVA,['QB'],['2'],['3'],['1.5'],['2'],['0']
Ethan Rhodes,NCSU,['QB'],['1'],['3'],['3.0'],['3'],['0']
Jake Reichle,ORST,['RB'],['1'],['3'],['3.0'],['3'],['0']
Henry Donohue,MICH,['RB'],['1'],['3'],['3.0'],['3'],['0']
Duane Thomas Jr.,CLT,['WR'],['2'],['3'],['1.5'],['5'],['0']
Kade Frew,AFA,['RB'],['1'],['3'],['3.0'],['3'],['0']
Casey Thompson,FAU,['QB'],['10'],['2'],['0.2'],['14'],['0']
Carter Bradley,USA,['QB'],['27'],['2'],['0.1'],['17'],['1']
Tanner Knue,EMU,['WR'],['1'],['2'],['2.0'],['2'],['0']
Bru McCoy,TENN,['WR'],['1'],['2'],['2.0'],['2'],['0']
Ryan Hilinski,NU,['QB'],['1'],['2'],['2.0'],['2'],['0']
Johnathan Bennett,LIB,['QB'],['1'],['2'],['2.0'],['2'],['0']
Davis Beville,OU,['QB'],['1'],['2'],['2.0'],['2'],['0']
Jaheim Bell,FSU,['TE'],['4'],['2'],['0.5'],['4'],['1']
Mikele Colasurdo,GAST,['QB'],['3'],['2'],['0.7'],['10'],['1']
Chandler Fields,UL,['QB'],['2'],['2'],['1.0'],['9'],['0']
Micah Kelly,TOL,['RB'],['3'],['2'],['0.7'],['1'],['0']
Jerjuan Newton,TOL,['WR'],['1'],['2'],['2.0'],['2'],['0']
Evan Prater,CIN,['WR'],['1'],['2'],['2.0'],['2'],['0']
Roc Taylor,MEM,['WR'],['2'],['2'],['1.0'],['11'],['0']
Kody Epps,BYU,['WR'],['1'],['2'],['2.0'],['2'],['0']
Grant Tisdale,TCU,['QB'],['1'],['2'],['2.0'],['2'],['0']
Peter Montini,CSU,['TE'],['2'],['2'],['1.0'],['2'],['0']
Quentin Skinner,KU,['WR'],['1'],['2'],['2.0'],['2'],['0']
Keon Coleman,FSU,['WR'],['1'],['2'],['2.0'],['2'],['0']
Kaiya Sheron,UK,['QB'],['1'],['2'],['2.0'],['2'],['0']
Lewis Bond,BC,['WR'],['1'],['2'],['2.0'],['2'],['0']
Mitchell Evans,ND,['TE'],['1'],['2'],['2.0'],['2'],['0']
Kyle Lowe,MTSU,['QB'],['1'],['2'],['2.0'],['2'],['0']
Brian Kowall,UCLA,['RB'],['1'],['2'],['2.0'],['2'],['0']
Owen McCown,UTSA,['QB'],['6'],['2'],['0.3'],['7'],['0']
Mike Jackson,FIU,['WR'],['1'],['2'],['2.0'],['2'],['0']
Quintrevion Wisner,TEX,['RB'],['2'],['2'],['1.0'],['2'],['0']
Hal Presley,BAY,['WR'],['2'],['2'],['1.0'],['3'],['0']
Jonah Burton,BAY,['WR'],['2'],['2'],['1.0'],['2'],['0']
Blake Bosma,WMU,['TE'],['1'],['2'],['2.0'],['2'],['0']
Anthony Evans III,UGA,['WR'],['1'],['2'],['2.0'],['2'],['0']
Dylan Rizk,UCF,['QB'],['2'],['2'],['1.0'],['8'],['0']
Eli Mason,MD,['RB'],['2'],['2'],['1.0'],['2'],['0']
Brant Ahlfinger,TCU,['RB'],['1'],['2'],['2.0'],['2'],['0']
Hayden Timosciek,BGSU,['QB'],['4'],['2'],['0.5'],['2'],['0']
Tobi Olawole,ARMY,['WR'],['3'],['2'],['0.7'],['6'],['0']
Smoke Harris,LT,['WR'],['7'],['1'],['0.1'],['7'],['0']
DeQuece Carter,IU,['WR'],['1'],['1'],['1.0'],['1'],['0']
Jeremy Hollingsworth,WYO,['RB'],['1'],['1'],['1.0'],['1'],['0']
Torry Locklin,KU,['RB'],['1'],['1'],['1.0'],['1'],['0']
Jordan Yates,SHSU,['QB'],['1'],['1'],['1.0'],['1'],['0']
Taj Davis,CAL,['WR'],['1'],['1'],['1.0'],['1'],['0']
Marshawn Kneeland,WMU,['DL'],['2'],['1'],['0.5'],['1'],['1']
Daejon Reynolds,PITT,['WR'],['1'],['1'],['1.0'],['1'],['0']
DJ Lundy,FSU,['LB'],['1'],['1'],['1.0'],['1'],['1']
Luke MacPhail,SYR,['QB'],['1'],['1'],['1.0'],['1'],['0']
Ozzy Trapilo,BC,['OL'],['0'],['1'],['0.0'],['1'],['0']
Garrett Nussmeier,LSU,['QB'],['1'],['1'],['1.0'],['1'],['1']
Hamp Greene,CLEM,['WR'],['1'],['1'],['1.0'],['1'],['0']
Enoch Nawahine,BYU,['RB'],['1'],['1'],['1.0'],['1'],['0']
Malik Nabers,LSU,['WR'],['1'],['1'],['1.0'],['1'],['0']
Adonai Mitchell,TEX,['WR'],['2'],['1'],['0.5'],['5'],['0']
Xavier Coleman,BC,['RB'],['1'],['1'],['1.0'],['1'],['0']
Tre Bradford,LSU,['RB'],['4'],['1'],['0.3'],['4'],['1']
Jalin Conyers,ASU,['TE'],['2'],['1'],['0.5'],['2'],['0']
JB Mitchell III,EMU,['WR'],['1'],['1'],['1.0'],['1'],['0']
Chase Roberts,BYU,['WR'],['1'],['1'],['1.0'],['1'],['0']
Tyler Jefferson,CMU,['QB'],['1'],['1'],['1.0'],['1'],['0']
Chris Lewis,TROY,['WR'],['1'],['1'],['1.0'],['1'],['0']
Kellen Stewart,MTSU,['WR'],['1'],['1'],['1.0'],['1'],['0']
Joe Jackson,KSU,['RB'],['4'],['1'],['0.3'],['5'],['0']
Malachi Lane,LSU,['RB'],['1'],['1'],['1.0'],['1'],['0']
Marlion Jackson,LT,['WR'],['2'],['1'],['0.5'],['5'],['0']
Jaelon Barbarin,MSU,['RB'],['1'],['1'],['1.0'],['1'],['0']
Jayce Brown,KSU,['WR'],['2'],['1'],['0.5'],['1'],['0']
Jarod Bowie,JVST,['WR'],['1'],['1'],['1.0'],['1'],['0']
Josiah Johnson,OKST,['TE'],['1'],['0'],['0.0'],['0'],['0']
D.J. Twitty,SC,['RB'],['3'],['0'],['0.0'],['2'],['0']
Dominick Mazotti,SJSU,['TE'],['1'],['0'],['0.0'],['0'],['0']
Kris Mitchell,FIU,['WR'],['1'],['0'],['0.0'],['0'],['0']
Jacolby Criswell,ARK,['QB'],['1'],['0'],['0.0'],['0'],['0']
KeAndre Lambert-Smith,PSU,['WR'],['2'],['0'],['0.0'],['2'],['0']
Mario Williams,USC,['WR'],['2'],['0'],['0.0'],['4'],['0']
Nick Nash,SJSU,['WR'],['1'],['0'],['0.0'],['0'],['0']
Marcus Bellon,UTEP,['WR'],['1'],['0'],['0.0'],['0'],['0']
Al-Jay Henderson,BUFF,['RB'],['5'],['0'],['0.0'],['2'],['1']
Jhaylin Embry,BGSU,['WR'],['1'],['0'],['0.0'],['0'],['0']
Braden Smith,CIN,['WR'],['1'],['0'],['0.0'],['0'],['0']
Xavier Guillory,ASU,['WR'],['1'],['0'],['0.0'],['0'],['0']
Zach Pyron,GT,['QB'],['2'],['0'],['0.0'],['4'],['0']
Minaya Olivo,UCLA,['RB'],['1'],['0'],['0.0'],['0'],['0']
Isaiah Carlson,UCLA,['RB'],['1'],['0'],['0.0'],['0'],['0']
Kevin McNeal,CLEM,['RB'],['1'],['0'],['0.0'],['0'],['0']
Max Brown,FLA,['QB'],['1'],['0'],['0.0'],['0'],['0']
Gavin Yates,BAY,['TE'],['1'],['0'],['0.0'],['0'],['0']
Turner Helton,WKU,['QB'],['1'],['0'],['0.0'],['0'],['0']
Devan Williams,TLSA,['WR'],['1'],['0'],['0.0'],['0'],['0']
Kendin Alexander,AFA,['WR'],['1'],['0'],['0.0'],['0'],['0']
Justin Holaday,UNM,['QB'],['1'],['0'],['0.0'],['0'],['0']
KD Dorsey,GASO,['WR'],['1'],['0'],['0.0'],['0'],['0']
Isaac TeSlaa,ARK,['WR'],['1'],['0'],['0.0'],['0'],['0']
Mario Agyen,LOU,['RB'],['1'],['0'],['0.0'],['0'],['0']
Marcus Vinson,UTEP,['TE'],['1'],['0'],['0.0'],['0'],['0']
Willie McCoy,UTSA,['WR'],['3'],['0'],['0.0'],['8'],['0']
Kelby Williams,ODU,['WR'],['1'],['0'],['0.0'],['0'],['0']
Luke Doty,SC,['QB'],['1'],['-1'],['-1.0'],['0'],['0']
Griffin Moore,ILL,['TE'],['1'],['-1'],['-1.0'],['0'],['0']
Moochie Dixon,SMU,['WR'],['1'],['-1'],['-1.0'],['0'],['0']
Donaven McCulley,IU,['WR'],['3'],['-1'],['-0.3'],['1'],['0']
Tailique Williams,GAST,['WR'],['1'],['-1'],['-1.0'],['0'],['0']
Ty Simpson,ALA,['QB'],['12'],['-1'],['-0.1'],['11'],['2']
Jhari Patterson,ECU,['WR'],['1'],['-1'],['-1.0'],['0'],['0']
Charles Schibler,TULN,['RB'],['1'],['-1'],['-1.0'],['0'],['0']
Billy Atkins,JMU,['QB'],['1'],['-1'],['-1.0'],['0'],['0']
Josh Cameron,BAY,['WR'],['1'],['-1'],['-1.0'],['0'],['0']
Giovanni Sanders,ASU,['WR'],['2'],['-1'],['-0.5'],['4'],['0']
Coy Eakin,TTU,['WR'],['1'],['-1'],['-1.0'],['0'],['0']
Keynan Higgins,SJSU,['WR'],['1'],['-1'],['-1.0'],['0'],['0']
Yamir Knight,JMU,['WR'],['1'],['-1'],['-1.0'],['0'],['0']
Jaylon Robinson,TCU,['WR'],['2'],['-2'],['-1.0'],['1'],['0']
Kavosiey Smoke,COLO,['RB'],['2'],['-2'],['-1.0'],['0'],['0']
Mycah Pittman,UTAH,['WR'],['1'],['-2'],['-2.0'],['0'],['0']
Chris Tyree,ND,['WR'],['1'],['-2'],['-2.0'],['0'],['0']
Jay Butterfield,SJSU,['QB'],['2'],['-2'],['-1.0'],['3'],['0']
Jaden Alexis,USF,['WR'],['1'],['-2'],['-2.0'],['0'],['0']
Bryce Cabeldue,KU,['OL'],['0'],['-2'],['0.0'],['0'],['0']
Jairus Mack,CLT,['WR'],['1'],['-2'],['-2.0'],['0'],['0']
Brian Garcia,ULM,['QB'],['2'],['-2'],['-1.0'],['3'],['0']
Jeremy Flax,UK,['OL'],['0'],['-2'],['0.0'],['0'],['0']
Zavion Thomas,MSST,['WR'],['2'],['-2'],['-1.0'],['2'],['0']
Andrew Glass,KENT,['PK'],['1'],['-2'],['-2.0'],['0'],['0']
Mekhi Mews,UGA,['WR'],['1'],['-2'],['-2.0'],['0'],['0']
Luke Lindenmeyer,NEB,['TE'],['1'],['-2'],['-2.0'],['0'],['0']
Addai Lewellen,PUR,['RB'],['1'],['-2'],['-2.0'],['0'],['0']
Jalen Knox,MISS,['WR'],['1'],['-3'],['-3.0'],['0'],['0']
Cody Simon,OSU,['LB'],['1'],['-3'],['-3.0'],['0'],['0']
Kobie Campbell,RICE,['WR'],['4'],['-3'],['-0.8'],['6'],['0']
Christian Leary,GT,['WR'],['1'],['-3'],['-3.0'],['0'],['0']
Jack Bech,TCU,['WR'],['3'],['-3'],['-1.0'],['7'],['0']
Joseph Manjack IV,HOU,['WR'],['2'],['-3'],['-1.5'],['0'],['0']
Evan Stewart,TA&M,['WR'],['1'],['-3'],['-3.0'],['0'],['0']
Braedyn Locke,WIS,['QB'],['6'],['-3'],['-0.5'],['7'],['0']
Nathan Harris-Waynick,SC,['RB'],['1'],['-3'],['-3.0'],['0'],['0']
Donovan Brown,SYR,['WR'],['1'],['-3'],['-3.0'],['0'],['0']
Xavier Shaw,WKU,['DB'],['0'],['-3'],['0.0'],['0'],['0']
Parker Kingston,BYU,['WR'],['5'],['-3'],['-0.6'],['4'],['0']
Kole Wilson,TXST,['WR'],['1'],['-3'],['-3.0'],['0'],['0']
Jacob De Jesus,UNLV,['WR'],['3'],['-3'],['-1.0'],['2'],['0']
John Paddock,ILL,['QB'],['3'],['-4'],['-1.3'],['1'],['0']
Grant Gunnell,SHSU,['QB'],['4'],['-4'],['-1.0'],['5'],['0']
Christian Wells,MASS,['WR'],['2'],['-4'],['-2.0'],['0'],['0']
JoVoni Johnson-McCray,RICE,['WR'],['1'],['-4'],['-4.0'],['0'],['0']
Corey Stewart,BALL,['OL'],['1'],['-4'],['-4.0'],['0'],['0']
Conner Harrell,UNC,['QB'],['2'],['-4'],['-2.0'],['0'],['0']
Davis Warren,MICH,['QB'],['2'],['-4'],['-2.0'],['4'],['0']
Nico Ragaini,IOWA,['WR'],['1'],['-5'],['-5.0'],['0'],['0']
Monroe Young,CAL,['WR'],['2'],['-5'],['-2.5'],['5'],['0']
Daniel Jackson,MINN,['WR'],['1'],['-5'],['-5.0'],['0'],['0']
Tommi Hill,NEB,['DB'],['1'],['-5'],['-5.0'],['0'],['0']
Justin Ball,VAN,['TE'],['1'],['-5'],['-5.0'],['0'],['0']
Dylan Morris,WASH,['QB'],['1'],['-5'],['-5.0'],['0'],['0']
Ryan Rehkow,BYU,['P'],['1'],['-5'],['-5.0'],['0'],['0']
Cade Fennegan,BYU,['QB'],['2'],['-5'],['-2.5'],['0'],['0']
Jaden Bray,OKST,['WR'],['1'],['-5'],['-5.0'],['0'],['0']
Cyrus Allen,LT,['WR'],['1'],['-5'],['-5.0'],['0'],['0']
Zach Mundell,ARMY,['QB'],['4'],['-5'],['-1.3'],['2'],['0']
Amad Anderson Jr.,TEM,['WR'],['2'],['-6'],['-3.0'],['0'],['0']
Ben Kopenski,TLSA,['DL'],['1'],['-6'],['-6.0'],['0'],['0']
Luke Grimm,KU,['WR'],['1'],['-6'],['-6.0'],['0'],['0']
Demarcus Jones II,NCSU,['RB'],['4'],['-6'],['-1.5'],['2'],['1']
Malachi Fields,UVA,['WR'],['1'],['-6'],['-6.0'],['0'],['0']
Kamryn Perry,IU,['WR'],['2'],['-6'],['-3.0'],['0'],['0']
Hank Bachmeier,LT,['QB'],['39'],['-7'],['-0.2'],['18'],['2']
Tanner Bailey,SC,['QB'],['1'],['-7'],['-7.0'],['0'],['0']
James Burns,CONN,['WR'],['1'],['-7'],['-7.0'],['0'],['0']
Jacob Conover,ASU,['QB'],['5'],['-7'],['-1.4'],['2'],['0']
Katin Houser,MSU,['QB'],['15'],['-7'],['-0.5'],['12'],['2']
John Bock II,FIU,['OL'],['1'],['-7'],['-7.0'],['0'],['0']
Cam'Ron McCoy,EMU,['QB'],['1'],['-7'],['-7.0'],['0'],['0']
Ike Udengwu III,EMU,['QB'],['2'],['-7'],['-3.5'],['1'],['0']
Stefan Cobbs,BOIS,['WR'],['1'],['-8'],['-8.0'],['0'],['0']
Jordy Sandy,TCU,['P'],['1'],['-8'],['-8.0'],['0'],['0']
Goose Crowder,TROY,['QB'],['4'],['-8'],['-2.0'],['4'],['0']
Clay Millen,CSU,['QB'],['2'],['-8'],['-4.0'],['3'],['0']
Gavin Hardison,UTEP,['QB'],['34'],['-8'],['-0.2'],['16'],['2']
Roman Fuller,TLSA,['QB'],['2'],['-8'],['-4.0'],['0'],['0']
Kevin Coleman,LOU,['WR'],['1'],['-8'],['-8.0'],['0'],['0']
Josh Hoover,TCU,['QB'],['7'],['-8'],['-1.1'],['26'],['0']
Jacari Carter,GAST,['WR'],['1'],['-8'],['-8.0'],['0'],['0']
Joey Cheek,UTAH,['PK'],['1'],['-8'],['-8.0'],['0'],['0']
Tobin O'Dell,SDSU,['QB'],['1'],['-8'],['-8.0'],['0'],['0']
Stephan Bracey Jr.,CMU,['WR'],['1'],['-9'],['-9.0'],['0'],['0']
Joshua Cephus,UTSA,['WR'],['1'],['-9'],['-9.0'],['0'],['0']
Money Parks,UTAH,['WR'],['1'],['-9'],['-9.0'],['0'],['0']
Ken Seals,VAN,['QB'],['16'],['-9'],['-0.6'],['6'],['1']
Jordan Watkins,MISS,['WR'],['1'],['-9'],['-9.0'],['0'],['0']
Gavin Meyers,WIS,['P'],['1'],['-9'],['-9.0'],['0'],['0']
Bronson Barron,WKU,['QB'],['1'],['-9'],['-9.0'],['0'],['0']
Xavier Arline,NAVY,['QB'],['1'],['-10'],['-10.0'],['0'],['0']
Ryan Burger,APP,['QB'],['4'],['-10'],['-2.5'],['10'],['0']
Emory Williams,MIA,['QB'],['2'],['-10'],['-5.0'],['0'],['0']
Daniel Richardson,FAU,['QB'],['16'],['-11'],['-0.7'],['22'],['0']
Kyle Williams,WSU,['WR'],['2'],['-11'],['-5.5'],['0'],['0']
Luke Bauer,MIZ,['PK'],['1'],['-11'],['-11.0'],['2'],['0']
Cameron Edge,MD,['QB'],['1'],['-11'],['-11.0'],['0'],['0']
J.T. Shrout,ARST,['QB'],['4'],['-12'],['-3.0'],['10'],['0']
Holden Geriner,AUB,['QB'],['2'],['-12'],['-6.0'],['0'],['0']
Ryan Staub,COLO,['QB'],['1'],['-12'],['-12.0'],['0'],['0']
Milan Tucker,APP,['WR'],['2'],['-13'],['-6.5'],['0'],['0']
Jared Wheatley,OHIO,['P'],['1'],['-15'],['-15.0'],['0'],['0']
Holman Edwards,USM,['QB'],['9'],['-15'],['-1.7'],['18'],['0']
Bryan Domino,CONN,['WR'],['1'],['-15'],['-15.0'],['0'],['0']
Blake Murphy,ULM,['QB'],['8'],['-17'],['-2.1'],['12'],['0']
Champ Harris,ARMY,['QB'],['15'],['-18'],['-1.2'],['7'],['0']
Bryce Archie,USF,['QB'],['5'],['-20'],['-4.0'],['12'],['0']
Landry Lyddy,UAB,['QB'],['3'],['-20'],['-6.7'],['0'],['0']
Cade McConnell,UTEP,['QB'],['12'],['-20'],['-1.7'],['6'],['0']
Tayven Jackson,IU,['QB'],['28'],['-21'],['-0.8'],['10'],['1']
Michael O'Shaughnessy,MSU,['P'],['1'],['-22'],['-22.0'],['0'],['0']
Shedeur Sanders,COLO,['QB'],['73'],['-23'],['-0.3'],['38'],['3']
Eddie Lee Marburger,UTSA,['QB'],['7'],['-23'],['-3.3'],['5'],['0']
Ben Bryant,NU,['QB'],['35'],['-24'],['-0.7'],['15'],['2']
Haden Carlson,FIU,['QB'],['3'],['-25'],['-8.3'],['0'],['0']
Forrest Brock,TEM,['QB'],['5'],['-25'],['-5.0'],['4'],['0']
Michael Kern,WAKE,['QB'],['9'],['-27'],['-3.0'],['7'],['0']
Kyle McCord,OSU,['QB'],['20'],['-31'],['-1.5'],['9'],['0']
Connor Bazelak,BGSU,['QB'],['20'],['-34'],['-1.7'],['16'],['1']
Blake Shapen,BAY,['QB'],['33'],['-34'],['-1.0'],['17'],['3']
Will Rogers,MSST,['QB'],['23'],['-38'],['-1.7'],['15'],['0']
Devin Leary,UK,['QB'],['20'],['-45'],['-2.3'],['22'],['1']
Davis Brin,GASO,['QB'],['32'],['-45'],['-1.4'],['8'],['1']
Cade McNamara,IOWA,['QB'],['13'],['-45'],['-3.5'],['18'],['0']
Kai Horton,TULN,['QB'],['15'],['-46'],['-3.1'],['8'],['1']
Michael Alaimo,KENT,['QB'],['57'],['-48'],['-0.8'],['24'],['1']
Kedon Slovis,BYU,['QB'],['24'],['-49'],['-2.0'],['8'],['3']
Drew Pyne,ASU,['QB'],['14'],['-49'],['-3.5'],['11'],['0']
Dante Moore,UCLA,['QB'],['34'],['-49'],['-1.4'],['16'],['0']
Layne Hatcher,BALL,['QB'],['20'],['-53'],['-2.7'],['8'],['1']
Gunnar Watson,TROY,['QB'],['23'],['-53'],['-2.3'],['16'],['0']
JT Daniels,RICE,['QB'],['19'],['-59'],['-3.1'],['9'],['1']
Graham Mertz,FLA,['QB'],['41'],['-59'],['-1.4'],['12'],['2']
Trexler Ivey,CLT,['QB'],['15'],['-72'],['-4.8'],['12'],['1']
Deacon Hill,IOWA,['QB'],['17'],['-75'],['-4.4'],['7'],['1']
Brayden Schager,HAW,['QB'],['52'],['-114'],['-2.2'],['21'],['1']
Jeff Undercuffler Jr.,AKR,['QB'],['12'],['-116'],['-9.7'],['0'],['0']
Mikey Keene,FRES,['QB'],['20'],['-122'],['-6.1'],['4'],['0']
